station_id,station_name,date,tmax,tmin,extreme_type
USC00417624,RIO GRANDE VILLAGE,2023-06-24,48.3,28.3,Highest TMAX
USC00417624,RIO GRANDE VILLAGE,2023-06-21,47.8,23.9,Highest TMAX
USC00417624,RIO GRANDE VILLAGE,2023-06-27,47.8,23.3,Highest TMAX
USC00417624,RIO GRANDE VILLAGE,2023-08-11,47.8,26.1,Highest TMAX
USC00417624,RIO GRANDE VILLAGE,2021-06-11,47.2,25.0,Highest TMAX
USC00417624,RIO GRANDE VILLAGE,2022-06-08,47.2,24.4,Highest TMAX
USC00417624,RIO GRANDE VILLAGE,2023-06-20,47.2,23.9,Highest TMAX
USC00417624,RIO GRANDE VILLAGE,2023-06-26,47.2,22.8,Highest TMAX
USC00419191,TURKEY,2020-07-15,47.2,24.4,Highest TMAX
USC00411974,COPE RCH,2023-06-26,46.7,25.0,Highest TMAX
USC00417624,RIO GRANDE VILLAGE,2020-07-15,46.7,23.3,Highest TMAX
USC00417624,RIO GRANDE VILLAGE,2021-06-12,46.7,25.0,Highest TMAX
USC00417624,RIO GRANDE VILLAGE,2023-06-22,46.7,28.3,Highest TMAX
USC00417624,RIO GRANDE VILLAGE,2023-06-23,46.7,28.3,Highest TMAX
USC00417624,RIO GRANDE VILLAGE,2023-06-25,46.7,23.9,Highest TMAX
USC00417624,RIO GRANDE VILLAGE,2023-08-07,46.7,26.7,Highest TMAX
USC00417624,RIO GRANDE VILLAGE,2023-08-08,46.7,27.2,Highest TMAX
USC00417624,RIO GRANDE VILLAGE,2023-08-10,46.7,26.7,Highest TMAX
USW00012947,COTULLA LA SALLE CO AP,2023-06-19,46.7,27.2,Highest TMAX
USW00012947,COTULLA LA SALLE CO AP,2023-06-21,46.7,26.7,Highest TMAX
USC00411596,CENTERVILLE,2022-12-23,9.4,-36.1,Lowest TMIN
USC00413225,FOLLETT,2021-02-16,-15.0,-26.1,Lowest TMIN
USC00411033,BRAVO,2021-02-15,-16.7,-25.6,Lowest TMIN
USC00413225,FOLLETT,2021-02-15,-16.1,-25.6,Lowest TMIN
USC00413787,GRUVER,2021-02-15,-14.4,-25.6,Lowest TMIN
USC00413787,GRUVER,2021-02-16,-15.0,-25.6,Lowest TMIN
USC00413368,FRIONA,2021-02-15,-15.6,-25.0,Lowest TMIN
USC00413368,FRIONA,2021-02-16,-10.6,-24.4,Lowest TMIN
USC00413368,FRIONA,2021-02-17,-3.9,-24.4,Lowest TMIN
USC00411033,BRAVO,2021-02-16,-13.9,-23.9,Lowest TMIN
USW00023047,AMARILLO,2021-02-15,-13.8,-23.8,Lowest TMIN
USC00415954,MINEOLA,2021-02-16,-10.6,-22.2,Lowest TMIN
USW00013966,WICHITA FALLS MUNI AP,2021-02-16,-9.9,-22.1,Lowest TMIN
USC00411033,BRAVO,2022-02-04,-9.4,-21.7,Lowest TMIN
USC00411033,BRAVO,2022-12-23,-12.8,-21.1,Lowest TMIN
USW00013966,WICHITA FALLS MUNI AP,2021-02-15,-12.7,-21.0,Lowest TMIN
USW00053912,CORSICANA CAMPBELL FLD,2021-02-16,-4.9,-21.0,Lowest TMIN
USC00410268,ANSON,2021-02-16,-7.8,-20.6,Lowest TMIN
USC00413225,FOLLETT,2021-02-17,-11.1,-20.6,Lowest TMIN
USC00413225,FOLLETT,2022-12-22,13.3,-20.6,Lowest TMIN
