station_id,TMAX_valid_observations,TMAX_missing_observations,TMAX_completeness_pct,TMAX_quality_flags,TMIN_valid_observations,TMIN_missing_observations,TMIN_completeness_pct,TMIN_quality_flags,PRCP_valid_observations,PRCP_missing_observations,PRCP_completeness_pct,PRCP_quality_flags,overall_completeness_pct,minimum_element_completeness_pct,total_valid_observations,total_quality_flags,status,station_name,latitude,longitude,elevation,state
USC00410012,1827,0,100.0,0,1827,0,100.0,0,1827,0,100.0,0,100.0,100.0,5481,0,QUALIFIED,ABERNATHY,33.8411,-101.8508,1023.8,TX
USW00013962,1827,0,100.0,0,1827,0,100.0,0,1827,0,100.0,0,100.0,100.0,5481,0,QUALIFIED,ABILENE RGNL AP,32.4106,-99.6819,544.7,TX
USW00023047,1827,0,100.0,0,1827,0,100.0,0,1827,0,100.0,0,100.0,100.0,5481,0,QUALIFIED,AMARILLO,35.2333,-101.7092,1128.7,TX
USC00410394,1827,0,100.0,0,1827,0,100.0,0,1827,0,100.0,0,100.0,100.0,5481,0,QUALIFIED,ASPERMONT,33.1525,-100.2331,534.6,TX
USW00013904,1827,0,100.0,0,1827,0,100.0,0,1827,0,100.0,0,100.0,100.0,5481,0,QUALIFIED,AUSTIN BERGSTROM INTL AP,30.1831,-97.68,146.6,TX
USW00013958,1827,0,100.0,0,1827,0,100.0,0,1827,0,100.0,0,100.0,100.0,5481,0,QUALIFIED,AUSTIN-CAMP MABRY,30.3208,-97.7603,204.2,TX
USC00411000,1827,0,100.0,0,1827,0,100.0,0,1827,0,100.0,0,100.0,100.0,5481,0,QUALIFIED,BOYS RCH,35.5303,-102.2564,972.6,TX
USC00411128,1827,0,100.0,0,1827,0,100.0,0,1827,0,100.0,0,100.0,100.0,5481,0,QUALIFIED,BROWNFIELD,33.1908,-102.2681,1005.8,TX
USC00411694,1827,0,100.0,0,1827,0,100.0,0,1827,0,100.0,0,100.0,100.0,5481,0,QUALIFIED,CHILDRESS 2,34.4386,-100.2186,585.5,TX
USW00023007,1827,0,100.0,0,1827,0,100.0,0,1827,0,100.0,0,100.0,100.0,5481,0,QUALIFIED,CHILDRESS MUNI AP,34.4275,-100.2839,594.1,TX
USC00411720,1827,0,100.0,0,1827,0,100.0,0,1827,0,100.0,0,100.0,100.0,5481,0,QUALIFIED,CHOKE CANYON DAM,28.4675,-98.2525,70.1,TX
USW00012924,1827,0,100.0,0,1827,0,100.0,0,1827,0,100.0,0,100.0,100.0,5481,0,QUALIFIED,CORPUS CHRISTI,27.7839,-97.5114,43.3,TX
USC00412011,1827,0,100.0,1,1827,0,100.0,0,1827,0,100.0,0,100.0,100.0,5481,1,QUALIFIED,CORPUS CHRISTI NWS,27.7792,-97.5056,13.4,TX
USC00412125,1827,0,100.0,0,1827,0,100.0,0,1827,0,100.0,0,100.0,100.0,5481,0,QUALIFIED,CROSS,28.5978,-98.5547,86.9,TX
USW00003927,1827,0,100.0,0,1827,0,100.0,0,1827,0,100.0,0,100.0,100.0,5481,0,QUALIFIED,DAL-FTW WSCMO AP,32.8975,-97.0219,165.8,TX
USW00013960,1827,0,100.0,0,1827,0,100.0,0,1827,0,100.0,0,100.0,100.0,5481,0,QUALIFIED,DALLAS FAA AP,32.8383,-96.8358,147.5,TX
USC00412404,1827,0,100.0,2,1827,0,100.0,1,1827,0,100.0,0,100.0,100.0,5481,3,QUALIFIED,DENTON 2 SE,33.1992,-97.105,192.0,TX
USC00412408,1827,0,100.0,0,1827,0,100.0,0,1827,0,100.0,0,100.0,100.0,5481,0,QUALIFIED,DENVER CITY,32.9694,-102.8264,1091.2,TX
USC00413368,1827,0,100.0,0,1827,0,100.0,0,1827,0,100.0,0,100.0,100.0,5481,0,QUALIFIED,FRIONA,34.6397,-102.7228,1226.8,TX
USW00012923,1827,0,100.0,1,1827,0,100.0,1,1827,0,100.0,0,100.0,100.0,5481,2,QUALIFIED,GALVESTON SCHOLES FLD,29.2703,-94.8642,1.5,TX
USC00413972,1827,0,100.0,0,1827,0,100.0,0,1827,0,100.0,0,100.0,100.0,5481,0,QUALIFIED,HART,34.3697,-102.1175,1116.5,TX
USW00012960,1827,0,100.0,0,1827,0,100.0,0,1827,0,100.0,0,100.0,100.0,5481,0,QUALIFIED,HOUSTON INTERCONTINENTAL AP,29.9844,-95.3608,27.4,TX
USC00414382,1827,0,100.0,0,1827,0,100.0,0,1827,0,100.0,0,100.0,100.0,5481,0,QUALIFIED,HUNTSVILLE,30.7064,-95.5422,150.6,TX
USC00414670,1827,0,100.0,3,1827,0,100.0,1,1827,0,100.0,0,100.0,100.0,5481,4,QUALIFIED,JUNCTION 4SSW,30.4453,-99.8045,532.5,TX
USC00414967,1827,0,100.0,0,1827,0,100.0,0,1827,0,100.0,0,100.0,100.0,5481,0,QUALIFIED,LAKE ALAN HENRY,33.0642,-101.0489,695.6,TX
USC00415183,1827,0,100.0,0,1827,0,100.0,0,1827,0,100.0,0,100.0,100.0,5481,0,QUALIFIED,LEVELLAND,33.55,-102.3758,1071.1,TX
USW00023042,1827,0,100.0,0,1827,0,100.0,0,1827,0,100.0,0,100.0,100.0,5481,0,QUALIFIED,LUBBOCK,33.6542,-101.8142,1029.6,TX
USC00415409,1827,0,100.0,0,1827,0,100.0,0,1827,0,100.0,0,100.0,100.0,5481,0,QUALIFIED,LUBBOCK WFO,33.5281,-101.8761,986.0,TX
USW00023023,1827,0,100.0,0,1827,0,100.0,0,1827,0,100.0,0,100.0,100.0,5481,0,QUALIFIED,MIDLAND ODESSA,31.9433,-102.1892,902.8,TX
USC00416074,1827,0,100.0,0,1827,0,100.0,0,1827,0,100.0,0,100.0,100.0,5481,0,QUALIFIED,MORTON,33.7186,-102.7586,1147.9,TX
USC00416135,1827,0,100.0,1,1827,0,100.0,0,1827,0,100.0,0,100.0,100.0,5481,1,QUALIFIED,MULESHOE #1,34.2192,-102.7328,1167.4,TX
USC00416137,1827,0,100.0,1,1827,0,100.0,0,1827,0,100.0,0,100.0,100.0,5481,1,QUALIFIED,MULESHOE NWR,33.9561,-102.7778,1143.6,TX
USC00416644,1827,0,100.0,0,1827,0,100.0,0,1827,0,100.0,0,100.0,100.0,5481,0,QUALIFIED,OLTON,34.1794,-102.135,1100.6,TX
USC00416742,1827,0,100.0,0,1827,0,100.0,0,1827,0,100.0,0,100.0,100.0,5481,0,QUALIFIED,PADUCAH 15S,33.8083,-100.2981,566.3,TX
USC00416776,1827,0,100.0,0,1827,0,100.0,0,1827,0,100.0,0,100.0,100.0,5481,0,QUALIFIED,PAMPA #2,35.5544,-100.9736,960.1,TX
USC00417079,1827,0,100.0,0,1827,0,100.0,0,1827,0,100.0,0,100.0,100.0,5481,0,QUALIFIED,PLAINVIEW,34.1892,-101.7022,1027.2,TX
USC00417081,1827,0,100.0,0,1827,0,100.0,0,1827,0,100.0,0,100.0,100.0,5481,0,QUALIFIED,PLAINVIEW WATER PRODUCTION,34.1981,-101.7461,1051.6,TX
USC00417327,1827,0,100.0,0,1827,0,100.0,0,1827,0,100.0,0,100.0,100.0,5481,0,QUALIFIED,PUTNAM,32.3664,-99.1925,494.1,TX
USW00023034,1827,0,100.0,2,1827,0,100.0,0,1827,0,100.0,0,100.0,100.0,5481,2,QUALIFIED,SAN ANGELO,31.3714,-100.4925,610.8,TX
USC00418818,1827,0,100.0,0,1827,0,100.0,0,1827,0,100.0,0,100.0,100.0,5481,0,QUALIFIED,TAHOKA,33.17,-101.81,948.5,TX
USC00419191,1827,0,100.0,0,1827,0,100.0,0,1827,0,100.0,0,100.0,100.0,5481,0,QUALIFIED,TURKEY,34.3961,-100.8967,716.9,TX
USW00012912,1827,0,100.0,0,1827,0,100.0,0,1827,0,100.0,0,100.0,100.0,5481,0,QUALIFIED,VICTORIA RGNL AP,28.8625,-96.93,33.8,TX
USW00013959,1827,0,100.0,0,1827,0,100.0,0,1827,0,100.0,0,100.0,100.0,5481,0,QUALIFIED,WACO RGNL AP,31.6181,-97.2283,151.8,TX
USC00419711,1827,0,100.0,1,1827,0,100.0,0,1827,0,100.0,0,100.0,100.0,5481,1,QUALIFIED,WHITE RVR RSVR,33.4564,-101.0925,734.3,TX
USW00013966,1827,0,100.0,0,1827,0,100.0,0,1827,0,100.0,0,100.0,100.0,5481,0,QUALIFIED,WICHITA FALLS MUNI AP,33.9786,-98.493,308.8,TX
USW00012919,1826,1,99.95,0,1827,0,100.0,0,1827,0,100.0,0,99.98,99.95,5480,0,QUALIFIED,BROWNSVILLE,25.9161,-97.4189,26.8,TX
USC00412464,1827,0,100.0,0,1827,0,100.0,0,1826,1,99.95,0,99.98,99.95,5480,0,QUALIFIED,DIMMITT,34.5442,-102.3019,1179.6,TX
USW00023044,1827,0,100.0,0,1826,1,99.95,0,1827,0,100.0,0,99.98,99.95,5480,0,QUALIFIED,EL PASO INTL AP,31.8122,-106.3775,1202.1,TX
USC00413214,1827,0,100.0,0,1827,0,100.0,0,1826,1,99.95,0,99.98,99.95,5480,0,QUALIFIED,FLOYDADA,33.9847,-101.3339,970.2,TX
USW00053903,1827,0,100.0,0,1827,0,100.0,0,1826,1,99.95,0,99.98,99.95,5480,0,QUALIFIED,HUNTSVILLE MUNI AP,30.7444,-95.5867,105.5,TX
USC00415265,1827,0,100.0,0,1827,0,100.0,0,1826,1,99.95,0,99.98,99.95,5480,0,QUALIFIED,LITTLEFIELD,33.8689,-102.2583,1054.0,TX
USC00415821,1827,0,100.0,0,1827,0,100.0,0,1826,1,99.95,0,99.98,99.95,5480,0,QUALIFIED,MEMPHIS,34.7258,-100.5378,629.4,TX
USW00012917,1827,0,100.0,0,1827,0,100.0,0,1826,1,99.95,0,99.98,99.95,5480,0,QUALIFIED,PORT ARTHUR SE TX RGNL AP,29.9519,-94.0261,4.0,TX
USC00417206,1827,0,100.0,0,1827,0,100.0,0,1826,1,99.95,0,99.98,99.95,5480,0,QUALIFIED,POST,33.1983,-101.3747,792.8,TX
USW00012921,1827,0,100.0,0,1827,0,100.0,0,1826,1,99.95,0,99.98,99.95,5480,0,QUALIFIED,SAN ANTONIO INTL AP,29.5442,-98.4839,243.5,TX
USC00418323,1827,0,100.0,1,1827,0,100.0,0,1826,1,99.95,0,99.98,99.95,5480,1,QUALIFIED,SILVERTON,34.4733,-101.3022,998.2,TX
USC00418566,1827,0,100.0,0,1827,0,100.0,0,1826,1,99.95,0,99.98,99.95,5480,0,QUALIFIED,SPUR,33.4792,-100.8761,700.1,TX
USC00419088,1827,0,100.0,0,1826,1,99.95,0,1827,0,100.0,0,99.98,99.95,5480,0,QUALIFIED,TORNILLO 2 SSE,31.4019,-106.0569,1088.1,TX
USC00419380,1826,1,99.95,0,1827,0,100.0,0,1827,0,100.0,0,99.98,99.95,5480,0,QUALIFIED,VIGO PARK,34.6508,-101.4981,1032.1,TX
USC00413285,1826,1,99.95,0,1826,1,99.95,0,1827,0,100.0,0,99.96,99.95,5479,0,QUALIFIED,FT WORTH WSFO,32.8342,-97.2981,196.3,TX
USC00415661,1826,1,99.95,0,1826,1,99.95,0,1827,0,100.0,0,99.96,99.95,5479,0,QUALIFIED,MATHIS 4 SSW,28.0372,-97.8725,42.1,TX
USW00003904,1826,1,99.95,0,1826,1,99.95,0,1826,1,99.95,0,99.95,99.95,5478,0,QUALIFIED,COLLEGE STN EASTERWOOD FLD,30.5911,-96.3631,96.0,TX
USW00012918,1826,1,99.95,0,1826,1,99.95,0,1826,1,99.95,0,99.95,99.95,5478,0,QUALIFIED,HOUSTON WILLIAM P HOBBY AP,29.6458,-95.2822,13.1,TX
USW00012970,1826,1,99.95,1,1826,1,99.95,1,1826,1,99.95,0,99.95,99.95,5478,2,QUALIFIED,SAN ANTONIO STINSON MUNI AP,29.3389,-98.4719,173.1,TX
USC00412121,1827,0,100.0,0,1827,0,100.0,0,1825,2,99.89,0,99.96,99.89,5479,0,QUALIFIED,CROSBYTON,33.6608,-101.2778,930.2,TX
USC00413828,1827,0,100.0,1,1827,0,100.0,0,1825,2,99.89,0,99.96,99.89,5479,1,QUALIFIED,GUTHRIE,33.6267,-100.3369,536.4,TX
USC00414570,1827,0,100.0,0,1827,0,100.0,0,1825,2,99.89,0,99.96,99.89,5479,0,QUALIFIED,JAYTON,33.2542,-100.5731,612.6,TX
USC00414810,1827,0,100.0,0,1827,0,100.0,0,1825,2,99.89,0,99.96,99.89,5479,0,QUALIFIED,KINGSVILLE,27.5311,-97.8497,17.4,TX
USC00415658,1827,0,100.0,0,1827,0,100.0,0,1825,2,99.89,0,99.96,99.89,5479,0,QUALIFIED,MATADOR,34.025,-100.8117,716.6,TX
USC00417074,1827,0,100.0,0,1827,0,100.0,0,1825,2,99.89,0,99.96,99.89,5479,0,QUALIFIED,PLAINS,33.1869,-102.8281,1120.1,TX
USC00418583,1827,0,100.0,0,1827,0,100.0,1,1825,2,99.89,0,99.96,99.89,5479,1,QUALIFIED,STAMFORD 1,32.9403,-99.8036,491.3,TX
USW00053910,1825,2,99.89,0,1825,2,99.89,0,1826,1,99.95,0,99.91,99.89,5476,0,QUALIFIED,HOUSTON HOOKS MEM AP,30.0681,-95.5564,46.6,TX
USW00012971,1825,2,99.89,0,1825,2,99.89,0,1825,2,99.89,0,99.89,99.89,5475,0,QUALIFIED,AUSTIN SAN ANTONIO,29.7042,-98.0286,233.8,TX
USW00093985,1825,2,99.89,1,1825,2,99.89,0,1825,2,99.89,0,99.89,99.89,5475,1,QUALIFIED,MINERAL WELLS AP,32.7817,-98.0603,287.1,TX
USC00417944,1825,2,99.89,0,1825,2,99.89,0,1825,2,99.89,1,99.89,99.89,5475,1,QUALIFIED,SAN ANGELO WFO,31.3708,-100.4944,576.1,TX
USW00013972,1825,2,99.89,0,1825,2,99.89,0,1825,2,99.89,0,99.89,99.89,5475,0,QUALIFIED,TYLER POUNDS FLD,32.3586,-95.4039,159.4,TX
USW00053902,1827,0,100.0,0,1827,0,100.0,0,1824,3,99.84,0,99.95,99.84,5478,0,QUALIFIED,CONROE MONTGOMERY CO AP,30.3611,-95.4175,69.5,TX
USW00012975,1824,3,99.84,0,1825,2,99.89,0,1826,1,99.95,0,99.89,99.84,5475,0,QUALIFIED,HOUSTON CLOVER FLD,29.5192,-95.2422,11.9,TX
USW00012977,1825,2,99.89,2,1826,1,99.95,4,1824,3,99.84,0,99.89,99.84,5475,6,QUALIFIED,HOUSTON SUGARLAND MEM,29.6197,-95.6575,23.5,TX
USW00012959,1825,2,99.89,0,1826,1,99.95,0,1824,3,99.84,0,99.89,99.84,5475,0,QUALIFIED,MCALLEN MILLER INTL AP,26.1792,-98.2444,30.2,TX
USC00417588,1824,3,99.84,1,1824,3,99.84,1,1827,0,100.0,0,99.89,99.84,5475,2,QUALIFIED,RICHARDSON,32.9964,-96.7428,206.7,TX
USC00413787,1824,3,99.84,1,1824,3,99.84,0,1825,2,99.89,0,99.85,99.84,5473,1,QUALIFIED,GRUVER,36.2631,-101.405,966.2,TX
USC00413266,1827,0,100.0,0,1823,4,99.78,0,1827,0,100.0,0,99.93,99.78,5477,0,QUALIFIED,FT HANCOCK 8SSE,31.1847,-105.7411,1064.7,TX
USW00093042,1826,1,99.95,0,1826,1,99.95,0,1823,4,99.78,0,99.89,99.78,5475,0,QUALIFIED,DALHART FAA AP,36.0253,-102.5489,1215.5,TX
USW00022010,1826,1,99.95,1,1823,4,99.78,1,1826,1,99.95,0,99.89,99.78,5475,2,QUALIFIED,DEL RIO INTL AP,29.3783,-100.9269,305.7,TX
USC00419175,1826,1,99.95,0,1825,2,99.89,0,1823,4,99.78,0,99.87,99.78,5474,0,QUALIFIED,TULIA,34.5583,-101.7239,1051.6,TX
USW00022016,1823,4,99.78,1,1823,4,99.78,0,1827,0,100.0,0,99.85,99.78,5473,1,QUALIFIED,PANTHER JUNCTION 2 N,29.3483,-103.2092,1065.0,TX
USW00023907,1823,4,99.78,0,1823,4,99.78,0,1826,1,99.95,0,99.84,99.78,5472,0,QUALIFIED,AUSTIN 33 NW,30.6222,-98.0847,414.8,TX
USW00003072,1823,4,99.78,0,1823,4,99.78,1,1826,1,99.95,0,99.84,99.78,5472,1,QUALIFIED,BRONTE 11 NNE,32.0408,-100.2494,608.7,TX
USW00003047,1823,4,99.78,0,1823,4,99.78,0,1826,1,99.95,0,99.84,99.78,5472,0,QUALIFIED,MONAHANS 6 ENE,31.6219,-102.8072,830.3,TX
USC00413280,1823,4,99.78,0,1823,4,99.78,0,1823,4,99.78,0,99.78,99.78,5469,0,QUALIFIED,FT STOCKTON,30.9072,-102.9153,926.0,TX
USW00013961,1825,2,99.89,0,1826,1,99.95,0,1822,5,99.73,0,99.85,99.73,5473,0,QUALIFIED,FT WORTH MEACHAM FLD,32.8247,-97.3642,213.7,TX
USC00410984,1822,5,99.73,0,1822,5,99.73,0,1827,0,100.0,0,99.82,99.73,5471,0,QUALIFIED,BOWIE,33.5511,-97.8472,329.2,TX
USW00012935,1823,4,99.78,2,1822,5,99.73,2,1825,2,99.89,0,99.8,99.73,5470,4,QUALIFIED,PALACIOS MUNI AP,28.7247,-96.2536,3.0,TX
USC00412114,1823,4,99.78,0,1823,4,99.78,0,1822,5,99.73,0,99.76,99.73,5468,0,QUALIFIED,CROCKETT,31.3072,-95.4508,105.8,TX
USW00012904,1823,4,99.78,0,1823,4,99.78,0,1822,5,99.73,0,99.76,99.73,5468,0,QUALIFIED,HARLINGEN RIO GRANDE VLY INTL,26.2303,-97.6556,9.4,TX
USC00413225,1822,5,99.73,1,1822,5,99.73,0,1822,5,99.73,0,99.73,99.73,5466,1,QUALIFIED,FOLLETT,36.4328,-100.1369,844.3,TX
USW00003971,1823,4,99.78,0,1825,2,99.89,1,1821,6,99.67,0,99.78,99.67,5469,1,QUALIFIED,DALLAS REDBIRD AP,32.6781,-96.8678,200.6,TX
USC00419800,1821,6,99.67,0,1821,6,99.67,0,1827,0,100.0,0,99.78,99.67,5469,0,QUALIFIED,WILLS PT,32.7019,-96.015,158.5,TX
USC00411017,1823,4,99.78,2,1823,4,99.78,2,1821,6,99.67,0,99.74,99.67,5467,4,QUALIFIED,BRADY,31.1444,-99.3492,521.5,TX
USC00412786,1823,4,99.78,0,1823,4,99.78,2,1821,6,99.67,0,99.74,99.67,5467,2,QUALIFIED,EL CAMPO,29.2,-96.2653,33.5,TX
USC00416792,1821,6,99.67,1,1821,6,99.67,0,1821,6,99.67,0,99.67,99.67,5463,1,QUALIFIED,PANTHER JUNCTION,29.3272,-103.2061,1140.0,TX
USC00417951,1821,6,99.67,1,1821,6,99.67,0,1821,6,99.67,0,99.67,99.67,5463,1,QUALIFIED,SAN AUGUSTINE,31.5192,-94.1186,89.9,TX
USC00414982,1827,0,100.0,3,1827,0,100.0,0,1820,7,99.62,0,99.87,99.62,5474,3,QUALIFIED,LAKE KEMP,33.7542,-99.1442,355.7,TX
USW00012907,1826,1,99.95,0,1824,3,99.84,0,1820,7,99.62,0,99.8,99.62,5470,0,QUALIFIED,LAREDO INTL AP,27.5333,-99.4667,150.6,TX
USC00411880,1822,5,99.73,0,1820,7,99.62,0,1826,1,99.95,0,99.76,99.62,5468,0,QUALIFIED,COLETO CREEK RSVR,28.7156,-97.1742,36.0,TX
USW00003901,1820,7,99.62,0,1820,7,99.62,0,1826,1,99.95,0,99.73,99.62,5466,0,QUALIFIED,LONGVIEW E TX RGNL AP,32.3908,-94.7139,107.3,TX
USC00414980,1820,7,99.62,1,1820,7,99.62,0,1822,5,99.73,0,99.65,99.62,5462,1,QUALIFIED,LAKE TAWAKONI,32.8522,-95.8864,136.6,TX
USC00418040,1820,7,99.62,2,1820,7,99.62,1,1822,5,99.73,0,99.65,99.62,5462,3,QUALIFIED,SANFORD DAM,35.7047,-101.5492,894.9,TX
USC00411524,1820,7,99.62,3,1820,7,99.62,0,1821,6,99.67,0,99.64,99.62,5461,3,QUALIFIED,CASTOLON,29.1333,-103.5144,661.1,TX
USC00410613,1820,7,99.62,0,1820,7,99.62,0,1820,7,99.62,0,99.62,99.62,5460,0,QUALIFIED,BEAUMONT RSCH CTR,30.0686,-94.2928,10.4,TX
USC00419207,1826,1,99.95,0,1826,1,99.95,0,1819,8,99.56,0,99.82,99.56,5471,0,QUALIFIED,TYLER,32.3008,-95.3103,154.8,TX
USW00003999,1823,4,99.78,0,1822,5,99.73,0,1819,8,99.56,0,99.69,99.56,5464,0,QUALIFIED,BURNET MUNI AP,30.7406,-98.2353,386.2,TX
USW00093987,1819,8,99.56,0,1819,8,99.56,0,1826,1,99.95,0,99.69,99.56,5464,0,QUALIFIED,LUFKIN ANGELINA CO AP,31.2358,-94.7547,87.2,TX
USC00411267,1819,8,99.56,2,1819,8,99.56,0,1819,8,99.56,0,99.56,99.56,5457,2,QUALIFIED,BUSHLAND 1 WSW,35.1867,-102.0797,1164.0,TX
USC00414770,1819,8,99.56,2,1819,8,99.56,0,1819,8,99.56,0,99.56,99.56,5457,2,QUALIFIED,KENT 8SE,31.0158,-104.1108,1402.7,TX
USW00053914,1827,0,100.0,0,1827,0,100.0,0,1818,9,99.51,0,99.84,99.51,5472,0,QUALIFIED,MCKINNEY MUNI AP,33.1828,-96.59,173.4,TX
USC00411337,1826,1,99.95,0,1818,9,99.51,0,1824,3,99.84,0,99.76,99.51,5468,0,QUALIFIED,CALLIHAM,28.4658,-98.3539,66.4,TX
USW00003991,1825,2,99.89,2,1825,2,99.89,2,1817,10,99.45,0,99.74,99.45,5467,4,QUALIFIED,DENTON MUNICPAL AP,33.2089,-97.1992,194.8,TX
USC00413614,1817,10,99.45,1,1818,9,99.51,1,1827,0,100.0,0,99.65,99.45,5462,2,QUALIFIED,GOLDTHWAITE 1 WSW,31.4406,-98.5903,459.3,TX
USC00418743,1817,10,99.45,0,1817,10,99.45,1,1827,0,100.0,2,99.64,99.45,5461,3,QUALIFIED,SULPHUR SPRINGS,33.1481,-95.6269,150.9,TX
USW00003024,1820,7,99.62,2,1821,6,99.67,0,1817,10,99.45,0,99.58,99.45,5458,2,QUALIFIED,BORGER HUTCHINSON CO AP,35.695,-101.3956,926.9,TX
USW00053968,1817,10,99.45,0,1817,10,99.45,0,1822,5,99.73,0,99.54,99.45,5456,0,QUALIFIED,PALESTINE 6 WNW,31.7797,-95.7233,116.7,TX
USW00012976,1819,8,99.56,3,1817,10,99.45,2,1819,8,99.56,0,99.53,99.45,5455,5,QUALIFIED,ANGLETON LK JACKSON BRAZORIA C,29.1153,-95.4633,7.6,TX
USC00411956,1819,8,99.56,1,1817,10,99.45,2,1818,9,99.51,0,99.51,99.45,5454,3,QUALIFIED,CONROE,30.3303,-95.4831,74.7,TX
USC00417624,1818,9,99.51,0,1818,9,99.51,1,1817,10,99.45,0,99.49,99.45,5453,1,QUALIFIED,RIO GRANDE VILLAGE,29.1853,-102.9622,566.3,TX
USC00414333,1819,8,99.56,0,1816,11,99.4,1,1827,0,100.0,0,99.65,99.4,5462,1,QUALIFIED,HOUSTON NWSO,29.4717,-95.0833,5.8,TX
USW00012947,1816,11,99.4,0,1817,10,99.45,0,1820,7,99.62,0,99.49,99.4,5453,0,QUALIFIED,COTULLA LA SALLE CO AP,28.4586,-99.2228,143.9,TX
USW00013973,1817,10,99.45,1,1816,11,99.4,2,1818,9,99.51,0,99.45,99.4,5451,3,QUALIFIED,JUNCTION KIMBLE CO AP,30.5106,-99.7664,521.5,TX
USW00053909,1827,0,100.0,0,1827,0,100.0,0,1815,12,99.34,0,99.78,99.34,5469,0,QUALIFIED,FT WORTH ALLIANCE AP,32.9944,-97.3203,215.5,TX
USC00410120,1820,7,99.62,0,1821,6,99.67,0,1815,12,99.34,0,99.54,99.34,5456,0,QUALIFIED,ALBANY,32.7047,-99.3011,441.4,TX
USC00419101,1814,13,99.29,0,1815,12,99.34,0,1819,8,99.56,0,99.4,99.29,5448,0,QUALIFIED,TOWN BLUFF DAM,30.7931,-94.1819,66.8,TX
USC00412019,1813,14,99.23,0,1813,14,99.23,0,1815,12,99.34,0,99.27,99.23,5441,0,QUALIFIED,CORSICANA,32.1225,-96.4867,138.1,TX
USC00413420,1827,0,100.0,0,1827,0,100.0,0,1812,15,99.18,0,99.73,99.18,5466,0,QUALIFIED,GAINESVILLE 5 ENE,33.6461,-97.0592,265.2,TX
USC00410493,1816,11,99.4,0,1816,11,99.4,0,1812,15,99.18,0,99.32,99.18,5444,0,QUALIFIED,BALLINGER 2 NW,31.7414,-99.9764,518.2,TX
USC00413992,1822,5,99.73,0,1822,5,99.73,0,1811,16,99.12,0,99.53,99.12,5455,0,QUALIFIED,HASKELL,33.1644,-99.7389,484.6,TX
USC00413341,1811,16,99.12,1,1811,16,99.12,0,1827,0,100.0,0,99.42,99.12,5449,1,QUALIFIED,FREER,27.8722,-98.6175,171.3,TX
USC00417841,1811,16,99.12,0,1811,16,99.12,0,1826,1,99.95,0,99.4,99.12,5448,0,QUALIFIED,RUSK,31.8092,-95.1428,211.8,TX
USC00411033,1811,16,99.12,1,1811,16,99.12,0,1816,11,99.4,0,99.22,99.12,5438,1,QUALIFIED,BRAVO,35.62,-103.0072,1268.0,TX
USW00053907,1821,6,99.67,0,1820,7,99.62,1,1810,17,99.07,0,99.45,99.07,5451,1,QUALIFIED,ARLINGTON MUNI AP,32.6583,-97.095,179.8,TX
USC00411715,1815,12,99.34,0,1815,12,99.34,1,1810,17,99.07,0,99.25,99.07,5440,1,QUALIFIED,CHISOS BASIN,29.2703,-103.3003,1615.4,TX
USC00416959,1813,14,99.23,4,1810,17,99.07,0,1812,15,99.18,0,99.16,99.07,5435,4,QUALIFIED,PERSIMMON GAP,29.6603,-103.1736,873.3,TX
USC00414278,1809,18,99.01,0,1809,18,99.01,0,1809,18,99.01,0,99.01,99.01,5427,0,QUALIFIED,HORDS CREEK DAM,31.8456,-99.5606,594.1,TX
USC00415060,1826,1,99.95,0,1824,3,99.84,0,1808,19,98.96,0,99.58,98.96,5458,0,QUALIFIED,LAREDO 2,27.5683,-99.4331,146.9,TX
USW00023091,1824,3,99.84,0,1823,4,99.78,0,1808,19,98.96,0,99.53,98.96,5455,0,QUALIFIED,FT STOCKTON PECOS CO AP,30.9119,-102.9172,917.8,TX
USW00012962,1814,13,99.29,0,1815,12,99.34,0,1808,19,98.96,0,99.2,98.96,5437,0,QUALIFIED,HONDO MUNI AP,29.36,-99.1742,281.0,TX
USC00416108,1809,18,99.01,1,1821,6,99.67,0,1807,20,98.91,0,99.2,98.91,5437,1,QUALIFIED,MT PLEASANT,33.1631,-95.0097,111.3,TX
USC00412741,1825,2,99.89,0,1825,2,99.89,0,1805,22,98.8,0,99.53,98.8,5455,0,QUALIFIED,EDEN,31.2211,-99.8503,624.2,TX
USC00415893,1816,11,99.4,0,1805,22,98.8,0,1822,5,99.73,0,99.31,98.8,5443,0,QUALIFIED,WFO MIDLAND,31.9425,-102.1894,875.4,TX
USC00418274,1803,24,98.69,0,1803,24,98.69,0,1825,2,99.89,0,99.09,98.69,5431,0,QUALIFIED,SHERMAN,33.7033,-96.6419,231.6,TX
USC00414182,1803,24,98.69,2,1802,25,98.63,0,1803,24,98.69,0,98.67,98.63,5408,2,QUALIFIED,HILLSBORO,32.0161,-97.1094,167.6,TX
USW00053912,1817,10,99.45,0,1815,12,99.34,1,1800,27,98.52,0,99.11,98.52,5432,1,QUALIFIED,CORSICANA CAMPBELL FLD,32.0317,-96.3994,135.0,TX
USC00413257,1800,27,98.52,4,1799,28,98.47,0,1799,28,98.47,0,98.49,98.47,5398,4,QUALIFIED,FT MCKAVETT,30.8272,-100.1103,661.1,TX
USW00093984,1822,5,99.73,1,1815,12,99.34,1,1798,29,98.41,0,99.16,98.41,5435,2,QUALIFIED,TEMPLE DRAUGHTON MIL,31.15,-97.4167,207.9,TX
USW00053911,1823,4,99.78,0,1824,3,99.84,0,1797,30,98.36,0,99.32,98.36,5444,0,QUALIFIED,TERRELL MUNI AP,32.7131,-96.2689,143.0,TX
USC00410433,1797,30,98.36,0,1797,30,98.36,0,1827,0,100.0,0,98.91,98.36,5421,0,QUALIFIED,AUSTIN GREAT HILLS,30.4144,-97.7664,268.2,TX
USC00418862,1797,30,98.36,0,1797,30,98.36,0,1824,3,99.84,2,98.85,98.36,5418,2,QUALIFIED,TAYLOR 1NW,30.5844,-97.4156,174.0,TX
USC00412585,1797,30,98.36,0,1797,30,98.36,1,1797,30,98.36,0,98.36,98.36,5391,1,QUALIFIED,DRIPPING SPRINGS 6 E,30.2194,-97.9878,330.4,TX
USC00413873,1797,30,98.36,0,1797,30,98.36,0,1797,30,98.36,0,98.36,98.36,5391,0,QUALIFIED,HALLETTSVILLE 2 N,29.4706,-96.9397,83.8,TX
USC00414782,1797,30,98.36,0,1797,30,98.36,0,1797,30,98.36,0,98.36,98.36,5391,0,QUALIFIED,KERRVILLE 3 NNE,30.0739,-99.1094,547.7,TX
USC00410213,1798,29,98.41,1,1796,31,98.3,3,1826,1,99.95,0,98.89,98.3,5420,4,QUALIFIED,AMARILLO 7ENE,35.2328,-101.7092,1094.2,TX
USC00415435,1796,31,98.3,0,1797,30,98.36,6,1806,21,98.85,0,98.5,98.3,5399,6,QUALIFIED,LUMBERTON,30.2503,-94.1783,13.1,TX
USW00012932,1796,31,98.3,2,1798,29,98.41,1,1803,24,98.69,0,98.47,98.3,5397,3,QUALIFIED,ALICE INTL AP,27.7414,-98.025,51.8,TX
USC00412173,1797,30,98.36,0,1796,31,98.3,0,1797,30,98.36,0,98.34,98.3,5390,0,QUALIFIED,CUERO,29.0892,-97.3433,65.2,TX
USC00415429,1796,31,98.3,0,1796,31,98.3,0,1797,30,98.36,1,98.32,98.3,5389,1,QUALIFIED,LULING,29.6756,-97.6578,121.9,TX
USC00417232,1796,31,98.3,2,1796,31,98.3,0,1797,30,98.36,0,98.32,98.3,5389,2,QUALIFIED,PRADE RCH,29.9167,-99.7908,625.4,TX
USW00003031,1812,15,99.18,0,1813,14,99.23,0,1795,32,98.25,0,98.89,98.25,5420,0,QUALIFIED,ODESSA SCHLEMEYER FLD,31.925,-102.3875,909.2,TX
USC00412082,1795,32,98.25,0,1795,32,98.25,1,1794,33,98.19,1,98.23,98.19,5384,2,QUALIFIED,CRANE,31.4072,-102.3578,778.5,TX
USC00416273,1795,32,98.25,0,1794,33,98.19,0,1794,33,98.19,0,98.21,98.19,5383,0,QUALIFIED,NEW BRAUNFELS WFO,29.7044,-98.0283,191.1,TX
USC00410436,1793,34,98.14,0,1794,33,98.19,0,1825,2,99.89,0,98.74,98.14,5412,0,QUALIFIED,AUSTWELL,28.3889,-96.8389,7.0,TX
USC00413340,1794,33,98.19,1,1793,34,98.14,3,1793,34,98.14,0,98.16,98.14,5380,4,QUALIFIED,FREEPORT 2 NW,28.9844,-95.3808,2.4,TX
USC00410176,1793,34,98.14,1,1793,34,98.14,0,1793,34,98.14,0,98.14,98.14,5379,1,QUALIFIED,ALPINE 7NW,30.3703,-103.7808,1500.2,TX
USC00418942,1793,34,98.14,0,1793,34,98.14,0,1792,35,98.08,0,98.12,98.08,5378,0,QUALIFIED,TEXARKANA,33.4367,-94.0772,118.9,TX
USC00414517,1791,36,98.03,0,1791,36,98.03,0,1823,4,99.78,0,98.61,98.03,5405,0,QUALIFIED,JACKSBORO,33.2064,-98.1689,329.5,TX
USC00416680,1792,35,98.08,0,1791,36,98.03,1,1799,28,98.47,0,98.19,98.03,5382,1,QUALIFIED,ORANGE 9 N,30.2267,-93.7389,7.0,TX
USC00418433,1798,29,98.41,2,1798,29,98.41,0,1790,37,97.97,0,98.27,97.97,5386,2,QUALIFIED,SNYDER,32.71,-100.9111,706.8,TX
USC00413265,1793,34,98.14,1,1792,35,98.08,1,1788,39,97.87,0,98.03,97.87,5373,2,QUALIFIED,FT GRIFFIN,32.9264,-99.2342,388.6,TX
USC00419163,1790,37,97.97,4,1788,39,97.87,2,1792,35,98.08,1,97.97,97.87,5370,7,QUALIFIED,TRUSCOTT 3 W,33.7569,-99.8619,478.8,TX
USW00003969,1825,2,99.89,1,1827,0,100.0,1,1784,43,97.65,0,99.18,97.65,5436,2,QUALIFIED,STEPHENVILLE CLARK FLD,32.2153,-98.1775,402.6,TX
USC00411596,1824,3,99.84,7,1784,43,97.65,13,1827,0,100.0,0,99.16,97.65,5435,20,QUALIFIED,CENTERVILLE,31.2581,-95.9744,97.5,TX
USC00410225,1784,43,97.65,0,1784,43,97.65,10,1786,41,97.76,0,97.68,97.65,5354,10,QUALIFIED,AMISTAD DAM,29.4608,-101.0286,352.7,TX
USW00012987,1801,26,98.58,0,1801,26,98.58,0,1783,44,97.59,0,98.25,97.59,5385,0,QUALIFIED,EDINBURG 17 NNE,26.5258,-98.0633,19.5,TX
USW00012972,1787,40,97.81,3,1783,44,97.59,4,1793,34,98.14,0,97.85,97.59,5363,7,QUALIFIED,ROCKPORT ARANSAS CO AP,28.0836,-97.0467,7.3,TX
USC00415341,1782,45,97.54,1,1817,10,99.45,0,1823,4,99.78,0,98.92,97.54,5422,1,QUALIFIED,LONGVIEW,32.4725,-94.7172,100.6,TX
USC00414577,1782,45,97.54,2,1781,46,97.48,1,1819,8,99.56,0,98.19,97.48,5382,3,QUALIFIED,JEFFERSON,32.7692,-94.3592,64.3,TX
USW00023040,1781,46,97.48,0,1782,45,97.54,1,1808,19,98.96,0,97.99,97.48,5371,1,QUALIFIED,WINK FAA AP,31.78,-103.2017,858.3,TX
USC00417743,1781,46,97.48,2,1781,46,97.48,0,1781,46,97.48,0,97.48,97.48,5343,2,QUALIFIED,ROSCOE,32.4481,-100.5264,725.4,TX
USC00412446,1780,47,97.43,3,1780,47,97.43,1,1789,38,97.92,0,97.59,97.43,5349,4,QUALIFIED,DIANA 2 W,32.7056,-94.7889,86.6,TX
USW00053964,1810,17,99.07,1,1809,18,99.01,0,1779,48,97.37,0,98.49,97.37,5398,1,QUALIFIED,DECATUR MUNI AP,33.2544,-97.5806,319.1,TX
USC00412809,1807,20,98.91,2,1807,20,98.91,0,1779,48,97.37,0,98.39,97.37,5393,2,QUALIFIED,ELDORADO,30.8694,-100.5994,743.7,TX
USC00415618,1784,43,97.65,0,1784,43,97.65,2,1779,48,97.37,0,97.56,97.37,5347,2,QUALIFIED,MARSHALL,32.4892,-94.3289,92.0,TX
USW00053942,1818,9,99.51,0,1817,10,99.45,3,1778,49,97.32,0,98.76,97.32,5413,3,QUALIFIED,GEORGETOWN MUNI AP,30.6792,-97.6794,239.9,TX
USC00410404,1778,49,97.32,0,1778,49,97.32,6,1806,21,98.85,0,97.83,97.32,5362,6,QUALIFIED,ATHENS,32.1633,-95.83,136.6,TX
USC00410013,1807,20,98.91,2,1806,21,98.85,2,1774,53,97.1,0,98.28,97.1,5387,4,QUALIFIED,ABILENE 6ESE,32.4317,-99.6325,549.2,TX
USC00416104,1774,53,97.1,0,1797,30,98.36,0,1814,13,99.29,0,98.25,97.1,5385,0,QUALIFIED,MT LOCKE,30.6711,-104.0231,2069.6,TX
USW00012957,1774,53,97.1,2,1776,51,97.21,2,1792,35,98.08,0,97.46,97.1,5342,4,QUALIFIED,PORT ISABEL CAMERON CO AP,26.1597,-97.3378,5.2,TX
USW00053952,1798,29,98.41,1,1797,30,98.36,1,1773,54,97.04,0,97.94,97.04,5368,2,QUALIFIED,WACO MCGREGOR EXEC AP,31.4847,-97.3164,180.4,TX
USW00012979,1791,36,98.03,9,1798,29,98.41,10,1771,56,96.93,0,97.79,96.93,5360,19,QUALIFIED,SAN MARCOS MUNI AP,29.8908,-97.8644,182.0,TX
USW00012909,1811,16,99.12,2,1814,13,99.29,2,1768,59,96.77,0,98.39,96.77,5393,4,QUALIFIED,SAN ANTONIO KELLY AFB,29.3833,-98.5833,207.9,TX
USW00000448,1809,18,99.01,0,1809,18,99.01,0,1767,60,96.72,0,98.25,96.72,5385,0,QUALIFIED,RALPH M HALL ROCKWALL MUNI AP,32.9306,-96.4356,175.3,TX
USC00417994,1767,60,96.72,1,1773,54,97.04,0,1808,19,98.96,0,97.57,96.72,5348,1,QUALIFIED,SAN SABA 7NW,31.2842,-98.7589,405.4,TX
USC00414976,1768,59,96.77,1,1767,60,96.72,1,1795,32,98.25,0,97.25,96.72,5330,2,QUALIFIED,LAKE FK RSVR,32.8228,-95.5278,127.1,TX
USW00012911,1805,22,98.8,1,1808,19,98.96,0,1765,62,96.61,0,98.12,96.61,5378,1,QUALIFIED,RANDOLPH AFB,29.5325,-98.2622,221.9,TX
USC00411500,1765,62,96.61,0,1765,62,96.61,0,1768,59,96.77,0,96.66,96.61,5298,0,QUALIFIED,CARTHAGE,32.1614,-94.3397,93.0,TX
USW00000209,1817,10,99.45,1,1817,10,99.45,1,1763,64,96.5,0,98.47,96.5,5397,2,QUALIFIED,BOWIE MUNI AP,33.6,-97.7831,336.2,TX
USC00411250,1763,64,96.5,1,1763,64,96.5,0,1763,64,96.5,0,96.5,96.5,5289,1,QUALIFIED,BURNET,30.7586,-98.2339,391.7,TX
USC00411246,1761,66,96.39,1,1761,66,96.39,1,1764,63,96.55,0,96.44,96.39,5286,2,QUALIFIED,BURLESON,32.5067,-97.3444,232.3,TX
USC00410902,1760,67,96.33,0,1760,67,96.33,0,1760,67,96.33,0,96.33,96.33,5280,0,QUALIFIED,BOERNE,29.7986,-98.7353,440.4,TX
USW00000362,1794,33,98.19,5,1794,33,98.19,5,1758,69,96.22,0,97.54,96.22,5346,10,QUALIFIED,GATESVILLE MUNI AP,31.4169,-97.8,276.1,TX
USW00063904,1799,28,98.47,1,1799,28,98.47,1,1757,70,96.17,0,97.7,96.17,5355,2,QUALIFIED,TAYLOR MUNI AP,30.5725,-97.4431,182.9,TX
USW00022001,1798,29,98.41,2,1799,28,98.47,2,1756,71,96.11,0,97.66,96.11,5353,4,QUALIFIED,DEL RIO LAUGHLIN AFB,29.3667,-100.7833,329.8,TX
USC00415954,1761,66,96.39,0,1755,72,96.06,3,1758,69,96.22,0,96.22,96.06,5274,3,QUALIFIED,MINEOLA,32.635,-95.4822,111.9,TX
USW00000351,1757,70,96.17,2,1758,69,96.22,2,1754,73,96.0,0,96.13,96.0,5269,4,QUALIFIED,CAMERON MUNI AP,30.8789,-96.9711,123.1,TX
USW00053979,1753,74,95.95,3,1756,71,96.11,1,1755,72,96.06,0,96.04,95.95,5264,4,QUALIFIED,GIDDINGS LEE CO AP,30.1692,-96.98,147.8,TX
USC00410923,1753,74,95.95,0,1752,75,95.89,0,1768,59,96.77,0,96.21,95.89,5273,0,QUALIFIED,BONHAM 3NNE,33.64,-96.1669,182.3,TX
USW00000263,1819,8,99.56,4,1821,6,99.67,5,1751,76,95.84,0,98.36,95.84,5391,9,QUALIFIED,BOERNE STAGE FIELD AP,29.7239,-98.695,422.1,TX
USC00412266,1790,37,97.97,0,1749,78,95.73,0,1795,32,98.25,0,97.32,95.73,5334,0,QUALIFIED,DANEVANG 1 W,29.0661,-96.2583,20.4,TX
USW00000130,1785,42,97.7,4,1785,42,97.7,1,1748,79,95.68,0,97.03,95.68,5318,5,QUALIFIED,PLEASANTON MUNI AP,28.95,-98.5169,131.1,TX
USW00000477,1767,60,96.72,0,1767,60,96.72,1,1748,79,95.68,0,96.37,95.68,5282,1,QUALIFIED,ROGER M DREYER MEM AP,29.5292,-97.4642,108.2,TX
USC00419499,1759,68,96.28,0,1757,70,96.17,0,1748,79,95.68,0,96.04,95.68,5264,0,QUALIFIED,WATER VALLEY,31.6725,-100.7283,644.7,TX
USW00093955,1748,79,95.68,0,1748,79,95.68,0,1762,65,96.44,0,95.93,95.68,5258,0,QUALIFIED,PARIS,33.6333,-95.45,166.7,TX
USC00411974,1746,81,95.57,0,1753,74,95.95,0,1751,76,95.84,0,95.79,95.57,5250,0,QUALIFIED,COPE RCH,31.5333,-101.2842,755.9,TX
USW00003032,1778,49,97.32,0,1779,48,97.37,1,1745,82,95.51,0,96.73,95.51,5302,1,QUALIFIED,DRYDEN TERRELL CO AP,30.0481,-102.2128,701.0,TX
USC00411486,1764,63,96.55,0,1764,63,96.55,0,1745,82,95.51,0,96.21,95.51,5273,0,QUALIFIED,CARRIZO SPRINGS 3S,28.4894,-99.8733,186.8,TX
USW00053967,1818,9,99.51,3,1820,7,99.62,5,1744,83,95.46,0,98.19,95.46,5382,8,QUALIFIED,GRAYSON CO AP,33.7142,-96.6736,228.3,TX
USW00000166,1756,71,96.11,8,1760,67,96.33,4,1741,86,95.29,0,95.91,95.29,5257,12,QUALIFIED,LAGO VISTA RUSTY ALLEN AP,30.5,-97.9669,375.2,TX
USW00053976,1780,47,97.43,1,1780,47,97.43,1,1739,88,95.18,0,96.68,95.18,5299,2,QUALIFIED,BRIDGEPORT MUNI AP,33.1753,-97.8283,259.4,TX
USW00093983,1776,51,97.21,4,1775,52,97.15,5,1736,91,95.02,0,96.46,95.02,5287,9,QUALIFIED,PALESTINE MUNI AP,31.7797,-95.7064,128.9,TX
USC00410408,1734,93,94.91,0,1734,93,94.91,0,1816,11,99.4,0,96.41,94.91,5284,0,QUALIFIED,ATLANTA,33.1244,-94.1661,96.0,TX
USC00410268,1750,77,95.79,1,1750,77,95.79,2,1734,93,94.91,0,95.49,94.91,5234,3,QUALIFIED,ANSON,32.7667,-99.89,523.3,TX
USW00053983,1795,32,98.25,4,1796,31,98.3,4,1733,94,94.85,0,97.14,94.85,5324,8,QUALIFIED,LLANO MUNI AP,30.7836,-98.6619,335.9,TX
USW00013926,1796,31,98.3,1,1796,31,98.3,1,1731,96,94.75,150,97.12,94.75,5323,152,QUALIFIED,GREENVILLE MUNI AP MAJORS FLD,33.0678,-96.0653,163.1,TX
USW00012985,1798,29,98.41,2,1806,21,98.85,2,1730,97,94.69,0,97.32,94.69,5334,4,QUALIFIED,GARNER FLD AP,29.2114,-99.7436,287.1,TX
USC00411671,1796,31,98.3,0,1797,30,98.36,0,1726,101,94.47,0,97.04,94.47,5319,0,QUALIFIED,CHEAPSIDE,29.3092,-97.4061,111.3,TX
USC00413133,1726,101,94.47,1,1726,101,94.47,0,1739,88,95.18,0,94.71,94.47,5191,1,QUALIFIED,FERRIS,32.5339,-96.6608,143.3,TX
USC00417388,1727,100,94.53,0,1725,102,94.42,0,1827,0,100.0,0,96.31,94.42,5279,0,QUALIFIED,RAINBOW,32.2619,-97.7064,197.5,TX
USC00413289,1723,104,94.31,1,1723,104,94.31,1,1769,58,96.83,0,95.15,94.31,5215,2,QUALIFIED,FT WORTH NATURE CTR,32.8472,-97.4761,187.5,TX
USW00000230,1716,111,93.92,3,1715,112,93.87,2,1755,72,96.06,0,94.62,93.87,5186,5,QUALIFIED,AUSTIN EXECUTIVE AP,30.395,-97.5669,188.1,TX
USC00414792,1753,74,95.95,0,1754,73,96.0,0,1712,115,93.71,0,95.22,93.71,5219,0,QUALIFIED,KILLEEN,31.0658,-97.6919,248.4,TX
USC00417706,1711,116,93.65,3,1711,116,93.65,4,1736,91,95.02,0,94.11,93.65,5158,7,QUALIFIED,ROCKSPRINGS,30.0239,-100.2119,726.0,TX
USC00419295,1715,112,93.87,0,1715,112,93.87,0,1711,116,93.65,0,93.8,93.65,5141,0,QUALIFIED,VAN HORN,31.0417,-104.8372,1239.0,TX
USC00417983,1708,119,93.49,1,1708,119,93.49,0,1704,123,93.27,0,93.41,93.27,5120,1,QUALIFIED,SAN MARCOS,29.8833,-97.9494,202.7,TX
USW00003054,1820,7,99.62,0,1820,7,99.62,3,1701,126,93.1,0,97.45,93.1,5341,3,QUALIFIED,MULESHOE 19 S,33.9558,-102.7739,1140.6,TX
USW00053972,1767,60,96.72,0,1765,62,96.61,1,1701,126,93.1,0,95.48,93.1,5233,1,QUALIFIED,HILLSBORO MUNI AP,32.0836,-97.0972,208.8,TX
USW00012978,1700,127,93.05,1,1700,127,93.05,0,1767,60,96.72,0,94.27,93.05,5167,1,QUALIFIED,FAYETTE RGNL AP,29.9078,-96.95,98.8,TX
USC00417936,1703,124,93.21,1,1700,127,93.05,2,1707,120,93.43,0,93.23,93.05,5110,3,QUALIFIED,SAM RAYBURN DAM,31.0619,-94.1011,57.6,TX
USC00419367,1706,121,93.38,0,1699,128,92.99,0,1818,9,99.51,0,95.29,92.99,5223,0,QUALIFIED,VICTORIA RGNL AP,28.8439,-96.9214,31.7,TX
USC00410639,1705,122,93.32,0,1699,128,92.99,0,1761,66,96.39,0,94.23,92.99,5165,0,QUALIFIED,BEEVILLE 5 NE,28.4575,-97.7061,77.7,TX
USW00053973,1700,127,93.05,1,1699,128,92.99,1,1761,66,96.39,0,94.14,92.99,5160,2,QUALIFIED,HEARNE MUNI AP,30.8719,-96.6222,86.9,TX
USC00416794,1697,130,92.88,0,1697,130,92.88,1,1810,17,99.07,0,94.95,92.88,5204,1,QUALIFIED,PARIS,33.6744,-95.5586,165.2,TX
USC00413954,1721,106,94.2,0,1721,106,94.2,1,1689,138,92.45,1,93.61,92.45,5131,2,QUALIFIED,HARPER 3ENE,30.3086,-99.203,643.1,TX
USW00053966,1728,99,94.58,2,1733,94,94.85,1,1683,144,92.12,0,93.85,92.12,5144,3,QUALIFIED,MID WAY RGNL AP,32.4561,-96.9125,228.3,TX
USW00053997,1694,133,92.72,4,1690,137,92.5,2,1681,146,92.01,0,92.41,92.01,5065,6,QUALIFIED,COMANCHE CO CITY AP,31.9167,-98.6003,423.1,TX
USC00417176,1684,143,92.17,1,1680,147,91.95,0,1815,12,99.34,0,94.49,91.95,5179,1,QUALIFIED,PORT ARANSAS 11 SSW,27.6997,-97.1581,1.8,TX
USC00419916,1686,141,92.28,0,1680,147,91.95,0,1692,135,92.61,0,92.28,91.95,5058,0,QUALIFIED,WRIGHT PATMAN DM & LK,33.3039,-94.1583,86.0,TX
USC00413877,1678,149,91.84,0,1681,146,92.01,2,1799,28,98.47,0,94.11,91.84,5158,2,QUALIFIED,HALLSVILLE 4 S,32.4478,-94.5956,98.1,TX
USW00053977,1688,139,92.39,4,1690,137,92.5,5,1677,150,91.79,0,92.23,91.79,5055,9,QUALIFIED,GRANBURY MUNI AP,32.4444,-97.8169,237.1,TX
USC00413329,1674,153,91.63,2,1674,153,91.63,0,1737,90,95.07,0,92.78,91.63,5085,2,QUALIFIED,FREDERICKSBURG,30.2392,-98.9089,513.6,TX
USC00414525,1667,160,91.24,1,1665,162,91.13,2,1664,163,91.08,0,91.15,91.08,4996,3,QUALIFIED,JACKSONVILLE,31.9622,-95.2736,170.7,TX
USW00012928,1694,133,92.72,2,1694,133,92.72,7,1663,164,91.02,0,92.15,91.02,5051,9,QUALIFIED,KINGSVILLE NAAS,27.5089,-97.8042,13.4,TX
USC00410569,1660,167,90.86,1,1659,168,90.8,0,1705,122,93.32,0,91.66,90.8,5024,1,QUALIFIED,BAY CITY WTR WKS,28.9797,-95.975,15.8,TX
USW00000225,1723,104,94.31,2,1726,101,94.47,3,1654,173,90.53,0,93.1,90.53,5103,5,QUALIFIED,HORSESHOE BAY RESORT AP,30.5331,-98.3669,333.1,TX
USC00411048,1682,145,92.06,0,1682,145,92.06,0,1654,173,90.53,0,91.55,90.53,5018,0,QUALIFIED,BRENHAM,30.1592,-96.3972,95.4,TX
USC00416119,1654,173,90.53,0,1654,173,90.53,0,1672,155,91.52,0,90.86,90.53,4980,0,QUALIFIED,MT VERNON,33.1964,-95.2236,136.2,TX
USW00093904,1653,174,90.48,0,1653,174,90.48,1,1775,52,97.15,0,92.7,90.48,5081,1,QUALIFIED,FT WORTH MEACHAM FLD NAAF,32.8167,-97.35,214.9,TX
USW00093947,1730,97,94.69,4,1730,97,94.69,4,1652,175,90.42,0,93.27,90.42,5112,8,QUALIFIED,FREDERICKSBURG GILLESPIE CO AP,30.2433,-98.9097,516.6,TX
USC00419532,1649,178,90.26,0,1649,178,90.26,3,1722,105,94.25,0,91.59,90.26,5020,3,QUALIFIED,WEATHERFORD,32.7478,-97.7703,293.2,TX
USC00417111,1679,148,91.9,2,1646,181,90.09,3,1677,150,91.79,0,91.26,90.09,5002,5,QUALIFIED,PLEASANTON,28.9606,-98.4772,109.1,TX
USC00419649,1673,154,91.57,0,1646,181,90.09,0,1669,158,91.35,0,91.01,90.09,4988,0,QUALIFIED,WFO BROWNSVILLE,25.9161,-97.4194,4.6,TX
USW00053948,1641,186,89.82,2,1641,186,89.82,2,1752,75,95.89,0,91.84,89.82,5034,4,QUALIFIED,NACOGDOCHES MANGHAM AP,31.5778,-94.7094,108.2,TX
USC00410586,1659,168,90.8,4,1637,190,89.6,6,1778,49,97.32,0,92.57,89.6,5074,10,QUALIFIED,BAYTOWN,29.9142,-94.9908,7.9,TX
USW00053981,1683,144,92.12,3,1682,145,92.06,5,1635,192,89.49,0,91.22,89.49,5000,8,QUALIFIED,CLEBURNE MUNI AP,32.3539,-97.4339,260.3,TX
USC00416747,1636,191,89.55,4,1634,193,89.44,1,1721,106,94.2,0,91.06,89.44,4991,5,QUALIFIED,PAINT ROCK,31.5064,-99.9305,504.1,TX
USW00003951,1633,194,89.38,1,1634,193,89.44,1,1669,158,91.35,0,90.06,89.38,4936,2,QUALIFIED,LONGVIEW WSMO,32.35,-94.65,124.1,TX
USC00416368,1636,191,89.55,0,1624,203,88.89,13,1729,98,94.64,0,91.02,88.89,4989,13,QUALIFIED,NIXON,29.2828,-97.7675,103.6,TX
USC00416177,1629,198,89.16,0,1629,198,89.16,0,1624,203,88.89,0,89.07,88.89,4882,0,QUALIFIED,NACOGDOCHES,31.6164,-94.6431,132.6,TX
USW00013911,1624,203,88.89,14,1623,204,88.83,3,1623,204,88.83,0,88.85,88.83,4870,17,QUALIFIED,FT WORTH NAS,32.7667,-97.45,185.3,TX
USC00412013,1619,208,88.62,2,1619,208,88.62,0,1619,208,88.62,0,88.62,88.62,4857,2,QUALIFIED,C C BOTANICAL GARDENS,27.6606,-97.3983,4.9,TX
USC00413675,1614,213,88.34,2,1614,213,88.34,4,1647,180,90.15,0,88.94,88.34,4875,6,QUALIFIED,GRANBURY 5N,32.5217,-97.8069,237.4,TX
USC00411430,1685,142,92.23,7,1606,221,87.9,0,1706,121,93.38,0,91.17,87.9,4997,7,QUALIFIED,CANYON,34.9806,-101.9264,1094.2,TX
USC00417140,1609,218,88.07,0,1605,222,87.85,3,1819,8,99.56,0,91.83,87.85,5033,3,QUALIFIED,PT COMFORT,28.6575,-96.5553,6.1,TX
USC00414081,1616,211,88.45,0,1615,212,88.4,0,1605,222,87.85,0,88.23,87.85,4836,0,QUALIFIED,HENDERSON,32.1828,-94.7967,140.5,TX
USC00415272,1606,221,87.9,0,1593,234,87.19,0,1609,218,88.07,0,87.72,87.19,4808,0,QUALIFIED,LLANO,30.7425,-98.6542,310.9,TX
USC00411968,1591,236,87.08,1,1591,236,87.08,0,1635,192,89.49,1,87.89,87.08,4817,2,QUALIFIED,COOPER DAM,33.3192,-95.6039,141.1,TX
USC00419559,1618,209,88.56,10,1588,239,86.92,5,1709,118,93.54,0,89.67,86.92,4915,15,QUALIFIED,WELDER WILDLIFE FOUNDATION,28.1136,-97.4178,15.2,TX
USW00093929,1618,209,88.56,0,1618,209,88.56,1,1585,242,86.75,0,87.96,86.75,4821,1,QUALIFIED,GAINESVILLE MUNI AP,33.6514,-97.1969,255.7,TX
USC00411042,1627,200,89.05,3,1574,253,86.15,11,1827,0,100.0,0,91.74,86.15,5028,14,QUALIFIED,BRECKENRIDGE,32.75,-98.9017,356.6,TX
USC00414950,1568,259,85.82,0,1568,259,85.82,0,1653,174,90.48,3,87.37,85.82,4789,3,QUALIFIED,LAJITAS,29.2694,-103.7575,732.4,TX
USC00413262,1564,263,85.6,0,1564,263,85.6,0,1564,263,85.6,0,85.6,85.6,4692,0,QUALIFIED,FT DAVIS,30.5997,-103.8869,1482.5,TX
USC00414375,1551,276,84.89,0,1551,276,84.89,1,1576,251,86.26,0,85.35,84.89,4678,1,QUALIFIED,HUNT 10 W,30.0631,-99.505,612.6,TX
USW00053965,1561,266,85.44,4,1562,265,85.5,4,1541,286,84.35,0,85.09,84.35,4664,8,QUALIFIED,GRAHAM MUNI AP,33.11,-98.5553,342.3,TX
USC00415742,1534,293,83.96,1,1534,293,83.96,0,1563,264,85.55,6,84.49,83.96,4631,7,QUALIFIED,MEDINA 1NE,29.81,-99.2497,521.8,TX
USC00411138,1526,301,83.52,1,1526,301,83.52,0,1546,281,84.62,0,83.89,83.52,4598,1,QUALIFIED,BROWNWOOD 2NE,31.7228,-99.0142,472.7,TX
USC00415344,1531,296,83.8,2,1531,296,83.8,0,1519,308,83.14,0,83.58,83.14,4581,2,QUALIFIED,LONGVIEW #2,32.5183,-94.7189,153.6,TX
USC00413943,1514,313,82.87,1,1525,302,83.47,0,1523,304,83.36,0,83.23,82.87,4562,1,QUALIFIED,HARLINGEN,26.2028,-97.6728,11.6,TX
USC00415477,1620,207,88.67,1,1620,207,88.67,0,1502,325,82.21,0,86.52,82.21,4742,1,QUALIFIED,MADISONVILLE,30.9392,-95.9203,76.8,TX
USW00012981,1768,59,96.77,6,1768,59,96.77,6,1501,326,82.16,0,91.9,82.16,5037,12,QUALIFIED,BAY CITY MUNI AP,28.9731,-95.8633,13.7,TX
USC00411800,1500,327,82.1,4,1500,327,82.1,1,1682,145,92.06,0,85.42,82.1,4682,5,QUALIFIED,CLEBURNE,32.3139,-97.4061,238.7,TX
USC00412084,1497,330,81.94,2,1495,332,81.83,0,1519,308,83.14,0,82.3,81.83,4511,2,QUALIFIED,CRANE 10N,31.6728,-102.4133,892.1,TX
USC00413411,1533,294,83.91,0,1514,313,82.87,0,1490,337,81.55,0,82.78,81.55,4537,0,QUALIFIED,GAIL,32.7744,-101.4539,771.1,TX
USW00012953,1726,101,94.47,10,1710,117,93.6,12,1481,346,81.06,0,89.71,81.06,4917,22,QUALIFIED,WHARTON RGNL AP,29.2661,-96.0075,30.5,TX
USC00415721,1502,325,82.21,1,1476,351,80.79,0,1540,287,84.29,0,82.43,80.79,4518,1,QUALIFIED,MCCOOK,26.565,-98.1236,67.1,TX
USC00415707,1471,356,80.51,1,1469,358,80.41,2,1470,357,80.46,0,80.46,80.41,4410,3,QUALIFIED,MCCAMEY,31.1331,-102.2217,750.1,TX
USC00414098,1469,358,80.41,2,1465,362,80.19,1,1504,323,82.32,0,80.97,80.19,4438,3,QUALIFIED,HEREFORD,34.8172,-102.4003,1164.3,TX
