year,month,month_name,station_count,observation_count,tmax_mean,tmax_min,tmax_max,tmin_mean,tmin_min,tmin_max,prcp_mean,prcp_total,prcp_max
2020,1,January,48,1488,16.86112618724559,-2.8,31.7,3.442420122365738,-12.8,22.2,1.8250679347826086,2686.5,99.3
2020,2,February,49,1421,16.374716713881018,-5.6,32.8,2.6615003538570416,-13.3,22.2,1.5935277382645803,2240.5,74.4
2020,3,March,49,1519,23.110337972167,4.4,40.6,11.169006622516557,-4.4,23.9,2.6073529411764707,3900.6,71.1
2020,4,April,49,1470,25.367997247075014,-1.1,42.8,11.129160935350756,-5.6,25.6,1.5335180055401663,2214.4,80.5
2020,5,May,49,1519,30.59136302294197,10.0,44.4,16.36105476673428,1.7,27.2,2.6356375838926174,3927.1,88.6
2020,6,June,49,1470,33.735150244584204,18.3,45.6,20.39028651292802,7.2,28.9,1.5839000693962526,2282.4,58.7
2020,7,July,48,1488,35.93767918088737,26.1,47.2,23.136245733788396,8.3,29.4,2.00122866894198,2931.8,102.6
2020,8,August,50,1550,36.2874,25.0,45.0,22.077020708082834,12.2,30.6,1.2161118508655127,1826.6,168.1
2020,9,September,49,1470,29.81904761904762,5.0,45.0,17.3527950310559,0.0,30.6,3.0448591549295774,4323.7,129.0
2020,10,October,49,1519,26.524429530201342,-7.2,41.1,11.11571524513096,-8.9,25.6,0.8378032345013476,1243.3,138.7
2020,11,November,48,1440,23.181197183098593,1.1,35.0,8.275985915492958,-8.9,23.9,0.6686440677966101,946.8,96.5
2020,12,December,50,1550,16.843168316831683,-2.2,38.3,1.5414134742404226,-15.0,22.8,1.5791003460207613,2281.8,91.4
2021,1,January,50,1550,14.931327665140614,-4.4,41.7,2.1274983670803396,-13.3,22.8,1.1436963696369637,1732.7,127.0
2021,2,February,49,1372,13.067359050445104,-16.7,33.9,-0.12288261515601781,-26.1,22.2,0.8469525959367945,1125.6,67.8
2021,3,March,50,1550,22.493494299128105,1.7,38.9,7.662122229684352,-8.9,22.8,1.1801200800533689,1769.0,83.1
2021,4,April,50,1500,24.46922015182885,6.7,41.1,10.907729468599033,-6.7,25.0,1.6093006993006995,2301.3,105.9
2021,5,May,49,1519,27.797441077441075,8.9,42.2,16.471630727762804,2.8,26.1,4.616122448979592,6785.7,137.2
2021,6,June,49,1470,32.69717046238785,12.2,47.2,21.070186335403726,7.2,29.4,3.0542384562370777,4431.7,106.7
2021,7,July,50,1550,33.029202947086404,19.4,43.9,21.717079705291358,12.2,28.9,3.3109289617486337,4847.2,166.4
2021,8,August,49,1519,34.02367021276596,21.7,42.8,21.958588548601867,-12.1,29.4,1.8878869448183042,2805.4,71.1
2021,9,September,49,1470,33.223633879781424,19.4,42.8,18.631207133058986,0.0,28.9,1.2008202323991797,1756.8,66.3
2021,10,October,50,1550,28.63423482849604,13.9,41.1,13.972116018457482,-3.9,27.8,1.885148514851485,2856.0,205.5
2021,11,November,50,1500,21.636702849389415,3.3,35.0,6.848813559322034,-8.3,22.8,0.9555631399317407,1399.9,57.2
2021,12,December,50,1550,22.36769533814839,2.8,34.4,7.938925294888597,-10.6,24.4,0.6081311475409836,927.4,64.0
2022,1,January,50,1550,15.662589459986988,-11.1,35.6,-0.3623942745608328,-17.2,22.8,0.7529220779220779,1159.5,185.7
2022,2,February,50,1400,15.458520667150108,-11.1,36.1,-0.3086231884057971,-21.7,21.7,0.8029970760233918,1098.5,49.5
2022,3,March,50,1550,22.451058201058203,-5.6,39.4,5.127561136814276,-17.8,22.8,0.9933246921581336,1532.7,115.8
2022,4,April,49,1470,27.86300496102055,12.2,41.7,12.812827781715097,-5.0,25.0,1.0547814207650275,1544.2,74.7
2022,5,May,50,1550,32.58334443704197,11.7,45.0,18.3078,-0.6,37.2,1.8673416067929458,2858.9,117.1
2022,6,June,50,1500,35.47342896174863,15.6,47.2,21.89352170916609,4.4,30.0,1.224631860776439,1829.6,78.7
2022,7,July,50,1550,37.73644859813084,23.3,46.1,23.608811748998665,2.8,30.0,1.0058549567531603,1511.8,103.1
2022,8,August,50,1550,34.66827048114435,20.6,45.0,22.66375574523966,12.2,30.0,3.430065789473684,5213.7,173.2
2022,9,September,50,1500,32.51211708645337,15.0,40.0,18.809732693625772,6.1,31.1,1.02186865267434,1509.3,90.7
2022,10,October,50,1550,26.65142487046632,8.3,37.8,12.073137254901962,-1.7,26.7,1.8994811932555122,2929.0,70.4
2022,11,November,50,1500,18.175798776342624,-5.0,36.7,6.239904826648538,-12.8,25.0,2.343031951053705,3446.6,114.3
2022,12,December,50,1550,16.12018288700196,-16.7,31.7,3.6856393442622952,-36.1,22.2,1.0937377690802348,1676.7,64.0
2023,1,January,50,1550,17.875016436554898,-9.4,32.8,3.677120315581854,-15.0,21.7,1.0536203522504892,1615.2,102.9
2023,2,February,50,1400,18.175107604017217,-5.6,37.2,4.140042979942693,-15.6,22.8,1.1583333333333332,1612.3999999999999,77.5
2023,3,March,50,1550,22.6088961038961,2.8,38.3,8.692662337662338,-9.4,22.8,1.100522534291313,1684.9,50.8
2023,4,April,50,1500,25.355878378378378,7.2,38.9,11.105405405405405,-5.0,23.9,2.1612466124661247,3190.0,106.7
2023,5,May,49,1519,29.522550335570468,13.3,41.1,17.07718120805369,3.9,27.2,3.5307065217391305,5197.2,157.7
2023,6,June,50,1500,34.70140939597315,19.4,48.3,21.270544720914593,9.4,29.4,2.0348790322580648,3027.9,157.0
2023,7,July,50,1550,37.04915254237288,24.4,46.1,23.35391644908616,12.8,30.0,1.166013071895425,1784.0,61.2
2023,8,August,50,1550,38.43993421052632,25.0,47.8,23.445742574257427,-17.7,30.6,0.7407431551499348,1136.3,126.2
2023,9,September,49,1470,34.74375,17.8,46.1,20.736262203626218,9.4,29.4,1.8446132596685083,2671.0,88.4
2023,10,October,50,1550,26.858360655737705,0.0,40.0,13.696524590163936,-9.4,28.3,2.889005924950625,4388.4,120.7
2023,11,November,50,1500,19.861351351351352,-2.8,35.0,7.4945270270270266,-12.2,23.3,1.2273777173913043,1806.7,99.8
2023,12,December,49,1519,17.966014834794336,1.1,31.7,4.115498652291105,-10.0,20.6,1.5390013495276655,2280.8,57.4
2024,1,January,50,1550,13.295475409836065,-14.4,32.2,0.15039370078740155,-20.0,19.4,2.6134377038486627,4006.4,107.4
2024,2,February,50,1450,20.425225225225223,-2.2,37.2,6.160706860706861,-10.0,21.7,1.19547983310153,1719.1,66.5
2024,3,March,50,1550,22.482637075718017,-0.6,37.2,9.00673202614379,-7.8,23.9,1.5867100977198696,2435.6,91.4
2024,4,April,50,1500,26.751469583048532,5.0,43.9,13.059822039698837,-18.2,26.1,2.1783617747440274,3191.3,146.1
2024,5,May,50,1550,31.21995954146999,15.0,46.1,18.467611336032387,5.0,29.4,3.7796135909393738,5673.2,211.3
2024,6,June,50,1500,34.693862068965515,20.6,46.1,22.444383184011027,6.7,30.0,2.5421340629274964,3716.6,92.5
2024,7,July,50,1550,34.56841046277666,22.2,45.6,22.29912693082606,9.4,28.9,3.5473477406679765,5416.8,198.6
2024,8,August,50,1550,36.859106070713814,18.3,45.6,23.084451827242525,5.6,29.4,0.9856295319709955,1495.2,52.1
2024,9,September,50,1500,31.934426229508198,15.0,42.8,18.962457337883958,6.7,30.6,2.329573590096286,3387.2,142.2
2024,10,October,50,1550,30.618301514154048,16.1,40.0,14.878246539222149,-18.2,27.2,0.26987951807228916,403.2,33.5
2024,11,November,50,1500,23.062714187799862,2.8,36.7,9.142054794520547,-7.2,26.1,2.9213401310997815,4011.0,94.2
2024,12,December,50,1550,19.02195286195286,5.6,35.0,5.7132749326145555,-18.2,22.8,1.48109627547435,2107.6,72.6
