station_id,station_name,latitude,longitude,observation_count,first_date,last_date,tmax_valid_days,tmax_mean,tmax_min,tmax_max,tmin_valid_days,tmin_mean,tmin_min,tmin_max,prcp_valid_days,prcp_mean,prcp_total,prcp_max,temperature_range_mean,tmax_completeness_pct,tmin_completeness_pct,prcp_completeness_pct,temperature_range,tmax_rank,tmin_rank,prcp_rank,tmax_zscore,tmin_zscore,prcp_zscore
USC00410012,ABERNATHY,33.8411,-101.8508,1827,2020-01-01,2024-12-31,1827,24.239573070607552,-14.4,43.3,1827,7.786097427476738,-20.0,27.2,1827,1.1534209085933225,2107.3,67.3,16.453475643130815,100.0,100.0,100.0,16.453475643130815,44.0,45.0,33.0,-0.9936966105303617,-1.4275197675384066,-0.575274483624104
USC00410225,AMISTAD DAM,29.4608,-101.0286,1796,2020-02-01,2024-12-31,1784,28.66513452914798,-2.8,43.9,1784,15.199159192825112,-11.1,27.8,1786,0.9888017917133258,1766.0,56.6,13.465975336322868,97.6464148877942,97.6464148877942,97.75588396278052,13.465975336322868,8.0,11.0,42.0,0.9699704468559756,0.6900356945860253,-0.7624525498318755
USC00410268,ANSON,32.7667,-99.89,1827,2020-01-01,2024-12-31,1750,25.922914285714285,-11.1,44.4,1750,11.056342857142855,-20.6,28.3,1734,1.7816032295271051,3089.3,157.0,14.866571428571428,95.78544061302682,95.78544061302682,94.90968801313628,14.86657142857143,27.0,39.0,19.0,-0.24678083014575122,-0.49336782178681043,-0.03671936784317363
USC00410639,BEEVILLE 5 NE,28.4575,-97.7061,1827,2020-01-01,2024-12-31,1705,28.414134897360704,-2.2,41.1,1699,15.777751618599178,-11.7,27.2,1761,1.8402612152186255,3240.7,151.9,12.636383278761526,93.32238642583472,92.99397920087576,96.38752052545156,12.636383278761526,9.0,9.0,16.0,0.8585993331624534,0.8553117425030656,0.04631244939637083
USC00411033,BRAVO,35.62,-103.0072,1827,2020-01-01,2024-12-31,1811,22.143953616786305,-16.7,41.1,1811,4.833020430701271,-25.6,24.4,1816,0.925,1679.8,52.1,17.310933186085034,99.12424740010948,99.12424740010948,99.39792008757526,17.310933186085034,50.0,50.0,43.0,-1.9235444783857343,-2.2710719356622926,-0.8097269398321976
USC00411048,BRENHAM,30.1592,-96.3972,1827,2020-01-01,2024-12-31,1682,26.724435196195007,-6.1,42.2,1682,15.243757431629014,-13.9,29.4,1654,3.1333131801692864,5182.5,91.4,11.480677764565993,92.06349206349206,92.06349206349206,90.53092501368364,11.480677764565993,20.0,10.0,10.0,0.10886222722947807,0.7027752679458182,1.1112476060393552
USC00411500,CARTHAGE,32.1614,-94.3397,1827,2020-01-01,2024-12-31,1765,25.229801699716717,-6.7,41.1,1765,13.341529745042491,-15.6,27.2,1768,3.982918552036199,7041.8,146.1,11.88827195467422,96.6064586754242,96.6064586754242,96.77066228790366,11.888271954674225,37.0,21.0,3.0,-0.5543220008952265,0.159400242154931,2.1309375518351636
USC00411596,CENTERVILLE,31.2581,-95.9744,1827,2020-01-01,2024-12-31,1824,26.043366228070173,-8.9,42.8,1784,11.981053811659192,-36.1,26.7,1827,3.1991242474001096,5844.8,127.0,14.06231241641098,99.83579638752052,97.6464148877942,100.0,14.06231241641098,25.0,29.0,7.0,-0.1933350666153394,-0.22922234524762425,1.4744706744525022
USC00411974,COPE RCH,31.5333,-101.2842,1827,2020-01-01,2024-12-31,1746,26.914948453608247,-11.1,46.7,1753,9.76816885339418,-19.4,29.4,1751,1.0119360365505423,1771.9,63.5,17.146779600214067,95.5665024630542,95.94964422550628,95.84017515051998,17.146779600214067,17.0,41.0,41.0,0.19339491558607017,-0.8613372228452832,-0.7592168317228047
USC00412809,ELDORADO,30.8694,-100.5994,1827,2020-01-01,2024-12-31,1807,25.73475373547316,-10.6,43.9,1807,11.53425567238517,-18.9,25.6,1779,1.3534007869589657,2407.7,134.1,14.20049806308799,98.90530925013684,98.90530925013684,97.37274220032842,14.20049806308799,30.0,34.0,25.0,-0.33026959817430385,-0.3568510997670164,-0.4105270734605691
USC00413225,FOLLETT,36.4328,-100.1369,1827,2020-01-01,2024-12-31,1822,22.994950603732164,-16.7,44.4,1822,7.233260153677278,-26.1,25.0,1822,1.54615806805708,2817.1,89.9,15.761690450054886,99.7263273125342,99.7263273125342,99.7263273125342,15.761690450054886,49.0,47.0,22.0,-1.5459483779009515,-1.5854388063722902,-0.18600114229894693
USC00413368,FRIONA,34.6397,-102.7228,1827,2020-01-01,2024-12-31,1827,23.46551724137931,-15.6,41.7,1827,6.422988505747126,-25.0,25.0,1827,1.0571428571428572,1931.4,94.2,17.04252873563218,100.0,100.0,100.0,17.04252873563218,47.0,48.0,38.0,-1.3371531293637173,-1.8168944731656484,-0.6717427574182646
USC00413411,GAIL,32.7744,-101.4539,1827,2020-01-01,2024-12-31,1533,25.38590998043053,-10.6,43.9,1514,11.367239101717304,-16.7,28.9,1490,1.2233557046979866,1822.8,106.7,14.01867087871322,83.9080459770115,82.86808976464148,81.55446086480569,14.018670878713225,35.0,37.0,40.0,-0.4850551539437817,-0.4045597069091031,-0.7313019076970926
USC00413614,GOLDTHWAITE 1 WSW,31.4406,-98.5903,1827,2020-01-01,2024-12-31,1817,25.65239405613649,-8.3,42.2,1818,12.79020902090209,-17.8,26.1,1827,1.7469074986316364,3191.6,211.3,12.8621850352344,99.45265462506842,99.50738916256158,100.0,12.8621850352344,32.0,26.0,17.0,-0.3668134335012812,0.0019144086707093535,0.01938469360732436
USC00413787,GRUVER,36.2631,-101.405,1827,2020-01-01,2024-12-31,1824,23.33327850877193,-15.0,43.3,1824,6.075274122807017,-25.6,25.0,1825,1.2488219178082192,2279.1,61.5,17.258004385964913,99.83579638752052,99.83579638752052,99.89053092501368,17.258004385964913,48.0,49.0,30.0,-1.395828812746335,-1.9162197606326754,-0.48105475970234873
USC00414770,KENT 8SE,31.0158,-104.1108,1827,2020-01-01,2024-12-31,1819,25.22952171522815,-9.4,41.1,1819,11.22253985706432,-15.6,28.3,1819,0.7982407916437603,1452.0,124.5,14.006981858163828,99.56212370005474,99.56212370005474,99.56212370005474,14.00698185816383,38.0,38.0,44.0,-0.5544462328874676,-0.4458933266170199,-0.9346585644502178
USC00415721,MCCOOK,26.565,-98.1236,1584,2020-08-01,2024-12-31,1502,30.056258322237017,0.6,42.8,1476,17.4359756097561,-6.7,27.2,1540,1.5529220779220778,2391.5,94.2,12.620282712480918,82.2112753147236,80.78817733990148,84.2911877394636,12.620282712480918,6.0,7.0,27.0,1.5872263568295313,1.3289866397383376,-0.4194115875905599
USC00415954,MINEOLA,32.635,-95.4822,1766,2020-01-01,2024-12-31,1761,24.742248722316862,-10.6,42.2,1755,11.677606837606838,-22.2,26.7,1758,3.410125142207053,5995.0,109.2,13.064641884710028,96.38752052545156,96.0591133004926,96.2233169129721,13.064641884710024,41.0,32.0,6.0,-0.7706542627832971,-0.3159025615616585,1.5568443795342697
USC00416680,ORANGE 9 N,30.2267,-93.7389,1827,2020-01-01,2024-12-31,1792,25.778180803571427,-2.8,41.7,1791,14.85287548855388,-10.6,26.7,1799,4.2247359644246805,7600.3,168.1,10.925305315017546,98.08429118773944,98.0295566502463,98.46743295019157,10.925305315017548,29.0,12.0,2.0,-0.3110005621836555,0.5911190832538694,2.437233918600591
USC00416747,PAINT ROCK,31.5064,-99.9305,1797,2020-01-01,2024-12-31,1636,27.092665036674816,-8.9,44.4,1634,11.451162790697676,-18.9,27.2,1721,1.2286461359674608,2114.5,76.2,15.641502245977142,89.54570333880679,89.43623426382047,94.19813902572524,15.64150224597714,15.0,35.0,32.0,0.2722495881487192,-0.38058674248127106,-0.5713258106774415
USC00417074,PLAINS,33.1869,-102.8281,1827,2020-01-01,2024-12-31,1827,24.416748768472907,-13.9,42.2,1827,7.963437328954571,-20.0,24.4,1825,0.7373698630136987,1345.7,57.4,16.453311439518338,100.0,100.0,99.89053092501368,16.453311439518338,42.0,44.0,45.0,-0.9150819342848813,-1.3768622809405804,-0.9929563330933062
USC00417624,RIO GRANDE VILLAGE,29.1853,-102.9622,1827,2020-01-01,2024-12-31,1818,32.9457095709571,0.6,48.3,1818,12.757590759075908,-11.1,29.4,1817,0.4504678040726472,818.5,52.1,20.188118811881196,99.50738916256158,99.50738916256158,99.45265462506842,20.18811881188119,1.0,28.0,50.0,2.8693055425305762,-0.0074030610444225,-1.2820869410767142
USC00417706,ROCKSPRINGS,30.0239,-100.2119,1827,2020-01-01,2024-12-31,1711,25.82238457042665,-7.1,42.8,1711,14.228404441846871,-14.9,26.1,1736,1.2007488479262671,2084.5,60.5,11.593980128579776,93.65079365079364,93.65079365079364,95.0191570881226,11.593980128579778,28.0,17.0,35.0,-0.29138689698000614,0.4127377183400911,-0.5877786146218691
USC00418566,SPUR,33.4792,-100.8761,1827,2020-01-01,2024-12-31,1827,25.26655719759168,-13.3,43.3,1827,9.41631089217296,-20.0,27.2,1826,1.4635815991237675,2672.5,68.6,15.85024630541872,100.0,100.0,99.94526546250684,15.85024630541872,36.0,43.0,24.0,-0.5380132091111658,-0.9618461314798715,-0.26530365731108796
USC00418942,TEXARKANA,33.4367,-94.0772,1796,2020-01-01,2024-12-31,1793,24.2755158951478,-7.8,41.1,1793,13.036029001673173,-18.3,28.3,1792,4.2414620535714285,7600.7,192.0,11.239486893474623,98.1390257252326,98.1390257252326,98.08429118773944,11.239486893474629,43.0,22.0,1.0,-0.9777484102488131,0.07213336265465302,2.43745328931985
USC00419163,TRUSCOTT 3 W,33.7569,-99.8619,1796,2020-01-01,2024-12-31,1790,25.65027932960894,-12.8,45.6,1788,10.636800894854586,-20.6,28.3,1792,1.7452566964285714,3127.5,72.4,15.013478434754353,97.97482211275316,97.86535303776684,98.08429118773944,15.013478434754353,33.0,40.0,18.0,-0.36775175937392734,-0.6132107965191512,-0.015769464153935913
USC00419191,TURKEY,34.3961,-100.8967,1827,2020-01-01,2024-12-31,1827,25.09512862616311,-12.2,47.2,1827,9.5024083196497,-18.9,27.8,1827,1.5208538587848932,2778.6,85.1,15.59272030651341,100.0,100.0,100.0,15.59272030651341,39.0,42.0,23.0,-0.6140778263496093,-0.9372522344371611,-0.20711557402762903
USW00003032,DRYDEN TERRELL CO AP,30.0481,-102.2128,1827,2020-01-01,2024-12-31,1778,28.04460067491564,-3.8,44.4,1779,13.402698145025296,-14.9,37.2,1745,0.691862464183381,1207.3,126.2,14.641902529890343,97.31800766283524,97.37274220032842,95.51176792556105,14.641902529890343,10.0,20.0,46.0,0.6946332045728464,0.17687311417367813,-1.0688586019569324
USW00003047,MONAHANS 6 ENE,31.6219,-102.8072,1827,2020-01-01,2024-12-31,1823,27.55748765770708,-8.3,44.9,1823,11.795831047723532,-15.6,29.1,1826,0.601697699890471,1098.7,68.7,15.761656609983548,99.78106185002736,99.78106185002736,99.94526546250684,15.76165660998355,13.0,31.0,47.0,0.47849615753882435,-0.28213158678600375,-1.1284177522357601
USW00003969,STEPHENVILLE CLARK FLD,32.2153,-98.1775,1827,2020-01-01,2024-12-31,1825,25.96904109589041,-9.3,43.3,1827,12.9088122605364,-17.7,28.9,1784,1.6133968609865472,2878.3,91.7,13.060228835354012,99.89053092501368,100.0,97.6464148877942,13.06022883535401,26.0,24.0,21.0,-0.22631389087629974,0.035793653962750326,-0.15243742225231446
USW00012907,LAREDO INTL AP,27.5333,-99.4667,1827,2020-01-01,2024-12-31,1826,31.065060240963856,0.6,46.1,1824,18.28952850877193,-7.7,28.3,1820,1.0218131868131868,1859.7,173.2,12.775531732191926,99.94526546250684,99.83579638752052,99.61685823754787,12.775531732191926,3.0,3.0,39.0,2.034842125764158,1.572805679797041,-0.7110649588454466
USW00012919,BROWNSVILLE,25.9161,-97.4189,1827,2020-01-01,2024-12-31,1826,30.089759036144574,1.1,41.1,1827,19.99326765188834,-5.5,29.4,1827,2.1487137383689108,3925.7,205.5,10.09649138425624,99.94526546250684,100.0,100.0,10.096491384256236,5.0,2.0,14.0,1.6020909675496566,2.0594820684122657,0.42198480612746786
USW00012923,GALVESTON SCHOLES FLD,29.2703,-94.8642,1827,2020-01-01,2024-12-31,1827,26.418390804597703,1.1,38.3,1827,20.06579091406677,-6.6,30.6,1827,3.0043787629994525,5489.0,142.2,6.352599890530929,100.0,100.0,100.0,6.352599890530932,22.0,1.0,8.0,-0.02693281154864619,2.0801984788264996,1.2793404196715905
USW00012928,KINGSVILLE NAAS,27.5089,-97.8042,1827,2020-01-01,2024-12-31,1694,30.61481700118064,0.0,43.9,1694,17.872963400236127,-18.2,30.0,1663,1.1713770294648227,1948.0,92.2,12.74185360094451,92.72030651340997,92.72030651340997,91.02353585112206,12.741853600944513,4.0,5.0,37.0,1.8350645775240328,1.4538130491091739,-0.6626388725690147
USW00012935,PALACIOS MUNI AP,28.7247,-96.2536,1827,2020-01-01,2024-12-31,1823,26.9993417443774,-4.3,43.9,1822,17.992425905598243,-17.1,30.6,1825,2.9695890410958903,5419.5,198.6,9.006915838779157,99.78106185002736,99.7263273125342,99.89053092501368,9.006915838779157,16.0,4.0,9.0,0.23084108518518534,1.4879377453218903,1.2412247572003334
USW00012947,COTULLA LA SALLE CO AP,28.4586,-99.2228,1827,2020-01-01,2024-12-31,1816,31.20732378854625,-4.9,46.7,1817,17.623335167859107,-8.8,30.6,1820,1.3004945054945056,2366.9,102.9,13.583988620687148,99.39792008757526,99.45265462506842,99.61685823754787,13.583988620687144,2.0,6.0,28.0,2.0979659224782132,1.382506260672401,-0.43290288682499045
USW00012960,HOUSTON INTERCONTINENTAL AP,29.9844,-95.3608,1827,2020-01-01,2024-12-31,1827,27.78697318007663,-3.8,42.8,1827,16.62889983579639,-10.5,28.9,1827,3.308210180623974,6044.1,119.9,11.15807334428024,100.0,100.0,100.0,11.15807334428024,12.0,8.0,5.0,0.5803212399935138,1.098443880539248,1.5837721353233163
USW00012962,HONDO MUNI AP,29.36,-99.1742,1827,2020-01-01,2024-12-31,1814,28.905347298787213,-1.6,42.8,1815,14.74358126721763,-14.3,27.8,1808,1.1527101769911503,2084.1,65.0,14.161766031569584,99.28845101258894,99.3431855500821,98.96004378762998,14.161766031569583,7.0,14.0,36.0,1.0765553190632777,0.5598989770824844,-0.5879979853411281
USW00012979,SAN MARCOS MUNI AP,29.8908,-97.8644,1827,2020-01-01,2024-12-31,1791,27.98179787828029,-5.5,42.2,1798,14.826696329254728,-12.1,31.1,1771,1.3292490118577074,2354.1,78.5,13.15510154902556,98.0295566502463,98.4126984126984,96.93486590038314,13.155101549025561,11.0,13.0,29.0,0.666766958895345,0.5836409556565962,-0.4399227498412797
USW00013966,WICHITA FALLS MUNI AP,33.9786,-98.493,1827,2020-01-01,2024-12-31,1827,25.673782156540774,-12.7,46.1,1827,11.396770662287905,-22.1,28.9,1827,1.9362342638204708,3537.5,84.3,14.277011494252871,100.0,100.0,100.0,14.27701149425287,31.0,36.0,15.0,-0.35732331375547716,-0.396123959390629,0.20908552308657471
USW00023044,EL PASO INTL AP,31.8122,-106.3775,1827,2020-01-01,2024-12-31,1827,27.341981390257253,0.6,44.4,1826,12.854874041621027,-9.9,29.4,1827,0.4995073891625616,912.6,49.0,14.487107348636224,100.0,99.94526546250684,100.0,14.487107348636226,14.0,25.0,49.0,0.38287381402015896,0.020386097180287076,-1.2304799793710262
USW00023047,AMARILLO,35.2333,-101.7092,1827,2020-01-01,2024-12-31,1827,23.471811713191023,-13.8,43.3,1827,7.736234263820471,-23.8,25.6,1827,1.1521072796934866,2104.9,66.8,15.735577449370552,100.0,100.0,100.0,15.735577449370552,46.0,46.0,34.0,-1.3343602075941063,-1.4417632768873634,-0.5765907079396583
USW00053907,ARLINGTON MUNI AP,32.6583,-97.095,1827,2020-01-01,2024-12-31,1821,26.69121361889072,-8.8,43.3,1820,14.072802197802195,-18.2,30.0,1810,2.2691160220994475,4107.1,128.5,12.61841142108852,99.67159277504103,99.61685823754787,99.06951286261632,12.618411421088526,21.0,18.0,13.0,0.09412147228618233,0.36828963572248485,0.5214694273114404
USW00053912,CORSICANA CAMPBELL FLD,32.0317,-96.3994,1827,2020-01-01,2024-12-31,1817,26.30346725371492,-8.8,43.3,1815,14.719944903581268,-21.0,28.3,1800,2.377444444444444,4279.4,103.6,11.583522350133649,99.45265462506842,99.3431855500821,98.52216748768473,11.583522350133652,23.0,15.0,12.0,-0.07792557102120573,0.5531472039950271,0.6159633646322693
USW00053952,WACO MCGREGOR EXEC AP,31.4847,-97.3164,1827,2020-01-01,2024-12-31,1798,26.85750834260289,-6.6,43.3,1797,13.848914858096828,-17.7,28.9,1773,1.694585448392555,3004.5,120.7,13.008593484506068,98.4126984126984,98.35796387520526,97.04433497536948,13.008593484506063,18.0,19.0,20.0,0.1679081485824929,0.30433578317134147,-0.0832259603260891
USW00053965,GRAHAM MUNI AP,33.11,-98.5553,1677,2020-01-01,2024-12-31,1561,25.579180012812294,-9.3,43.9,1562,11.581626120358514,-13.2,29.4,1541,0.599935107073329,924.5,81.5,13.997553892453784,85.44061302681992,85.49534756431308,84.34592227695677,13.99755389245378,34.0,33.0,48.0,-0.39929925622922835,-0.34331963948455607,-1.2239537004730698
USW00053967,GRAYSON CO AP,33.7142,-96.6736,1827,2020-01-01,2024-12-31,1818,25.002420242024204,-7.7,45.0,1820,12.77285714285714,-19.9,28.9,1744,1.271788990825688,2218.0,75.7,12.229563099167065,99.50738916256158,99.61685823754787,95.45703338806788,12.229563099167065,40.0,27.0,31.0,-0.655213488249812,-0.003042188926245182,-0.5145636370691662
USW00093947,FREDERICKSBURG GILLESPIE CO AP,30.2433,-98.9097,1736,2020-01-01,2024-12-31,1730,26.197919075144508,-3.2,40.6,1730,12.94450867052023,-12.1,26.1,1652,1.4562953995157386,2405.8,72.9,13.253410404624278,94.69074986316366,94.69074986316366,90.42145593869732,13.253410404624278,24.0,23.0,26.0,-0.12475838153971681,0.045990402665536764,-0.4115690843770493
USW00093955,PARIS,33.6333,-95.45,1827,2020-01-01,2024-12-31,1748,24.1074942791762,-10.5,42.2,1748,11.967048054919909,-20.5,27.2,1762,2.9099318955732123,5127.3,74.2,12.140446224256292,95.6759715380405,95.6759715380405,96.44225506294472,12.140446224256292,45.0,30.0,11.0,-1.052301326371023,-0.2332231168077763,1.0809744467816085
USW00093987,LUFKIN ANGELINA CO AP,31.2358,-94.7547,1827,2020-01-01,2024-12-31,1819,26.851511819681143,-4.9,43.9,1819,14.544694887300714,-16.0,27.2,1826,3.4833515881708657,6360.6,106.7,12.306816932380428,99.56212370005474,99.56212370005474,99.94526546250684,12.306816932380428,19.0,16.0,4.0,0.1652474297944676,0.5030866971546606,1.7573492169370275
