finding,value
Hottest sample year by average TMAX,2024.0
Highest average TMAX,27.05248414079605
Lowest sample year by average TMIN,2022.0
Lowest average TMIN,12.062080008989774
Wettest sample year,2024.0
Highest aggregate precipitation,37563.2
Driest sample year,2022.0
Lowest aggregate precipitation,26310.5
Highest average TMAX station,RIO GRANDE VILLAGE
Highest average TMAX station value,32.9457095709571
Lowest average TMIN station,BRAVO
Lowest average TMIN station value,4.833020430701271
Wettest station,TEXARKANA
Wettest station precipitation,7600.7
Driest station,RIO GRANDE VILLAGE
Driest station precipitation,818.5
Overall TMAX/TMIN correlation,0.8550057228698978
TMAX linear trend,0.28746683071470963
TMIN linear trend,0.3184052031872643
PRCP linear trend,1117.1499999995635
Hottest month,August
Coldest month,January
Wettest month,May
Driest month,February
Very hot days (>40°C),2290
Cold nights (<0°C),9459
Wet days (>=1 mm),12093
Heavy rainfall days (>=25 mm),1841
Extreme rainfall days (>=50 mm),454
