month,month_name,avg_tmax,avg_tmin,avg_prcp,total_prcp
1,January,15.725107031752831,1.8070076462509,1.4777488876881606,11200.3
2,February,16.700185852143733,2.5061488781889563,1.1194581153319259,7796.1
3,March,22.629284730393486,8.331616870564263,1.493606069079831,11322.8
4,April,25.96151406427026,11.802989126153825,1.7074417025632094,12441.2
5,May,30.342931682893095,17.337055607716632,3.2858843504687316,24442.1
6,June,34.26020422673187,21.413784492484695,2.087956696319066,15288.199999999999
7,July,35.66417874625083,22.82303611359813,2.2062746800014352,16491.6
8,August,36.05567619503008,22.64591188068486,1.652087454455686,12477.2
9,September,32.44659496295812,18.898490879850165,1.8883469779535784,13648.0
10,October,27.85735027981109,13.147147929575297,1.556263677126252,11819.9
11,November,21.18355286959637,7.600257224602221,1.6231914014546285,11611.0
12,December,18.463802847745846,4.598950339659395,1.2602133775287991,9274.3
