station_id,station_name,date,prcp
USC00413614,GOLDTHWAITE 1 WSW,2024-05-05,211.3
USW00012919,BROWNSVILLE,2021-10-01,205.5
USW00012935,PALACIOS MUNI AP,2024-07-08,198.6
USC00418942,TEXARKANA,2024-07-09,192.0
USW00012935,PALACIOS MUNI AP,2022-01-31,185.7
USW00012907,LAREDO INTL AP,2022-08-15,173.2
USC00416680,ORANGE 9 N,2020-08-27,168.1
USW00012935,PALACIOS MUNI AP,2021-07-07,166.4
USW00012935,PALACIOS MUNI AP,2023-05-10,157.7
USC00410268,ANSON,2023-06-02,157.0
USC00410639,BEEVILLE 5 NE,2021-07-09,151.9
USC00411500,CARTHAGE,2024-04-09,146.1
USW00012923,GALVESTON SCHOLES FLD,2024-09-02,142.2
USC00416680,ORANGE 9 N,2020-10-10,138.7
USW00012935,PALACIOS MUNI AP,2021-05-16,137.2
USC00418942,TEXARKANA,2021-05-26,135.9
USC00412809,ELDORADO,2024-09-02,134.1
USC00412809,ELDORADO,2020-09-09,129.0
USW00053907,ARLINGTON MUNI AP,2022-08-22,128.5
USC00411596,CENTERVILLE,2021-01-11,127.0
