station_id,station_name,latitude,longitude,tmax_mean,tmin_mean,prcp_total,prcp_max,temperature_range_mean,tmax_rank,tmin_rank,prcp_rank
USC00410012,ABERNATHY,33.8411,-101.8508,24.239573070607552,7.786097427476738,2107.3,67.3,16.453475643130815,44.0,45.0,33.0
USC00410225,AMISTAD DAM,29.4608,-101.0286,28.66513452914798,15.199159192825112,1766.0,56.6,13.465975336322868,8.0,11.0,42.0
USC00410268,ANSON,32.7667,-99.89,25.922914285714285,11.056342857142855,3089.3,157.0,14.866571428571428,27.0,39.0,19.0
USC00410639,BEEVILLE 5 NE,28.4575,-97.7061,28.414134897360704,15.777751618599178,3240.7,151.9,12.636383278761526,9.0,9.0,16.0
USC00411033,BRAVO,35.62,-103.0072,22.143953616786305,4.833020430701271,1679.8,52.1,17.310933186085034,50.0,50.0,43.0
USC00411048,BRENHAM,30.1592,-96.3972,26.724435196195007,15.243757431629014,5182.5,91.4,11.480677764565993,20.0,10.0,10.0
USC00411500,CARTHAGE,32.1614,-94.3397,25.229801699716717,13.341529745042491,7041.8,146.1,11.88827195467422,37.0,21.0,3.0
USC00411596,CENTERVILLE,31.2581,-95.9744,26.043366228070173,11.981053811659192,5844.8,127.0,14.06231241641098,25.0,29.0,7.0
USC00411974,COPE RCH,31.5333,-101.2842,26.914948453608247,9.76816885339418,1771.9,63.5,17.146779600214067,17.0,41.0,41.0
USC00412809,ELDORADO,30.8694,-100.5994,25.73475373547316,11.53425567238517,2407.7,134.1,14.20049806308799,30.0,34.0,25.0
USC00413225,FOLLETT,36.4328,-100.1369,22.994950603732164,7.233260153677278,2817.1,89.9,15.761690450054886,49.0,47.0,22.0
USC00413368,FRIONA,34.6397,-102.7228,23.46551724137931,6.422988505747126,1931.4,94.2,17.04252873563218,47.0,48.0,38.0
USC00413411,GAIL,32.7744,-101.4539,25.38590998043053,11.367239101717304,1822.8,106.7,14.01867087871322,35.0,37.0,40.0
USC00413614,GOLDTHWAITE 1 WSW,31.4406,-98.5903,25.65239405613649,12.79020902090209,3191.6,211.3,12.8621850352344,32.0,26.0,17.0
USC00413787,GRUVER,36.2631,-101.405,23.33327850877193,6.075274122807017,2279.1,61.5,17.258004385964913,48.0,49.0,30.0
USC00414770,KENT 8SE,31.0158,-104.1108,25.22952171522815,11.22253985706432,1452.0,124.5,14.006981858163828,38.0,38.0,44.0
USC00415721,MCCOOK,26.565,-98.1236,30.056258322237017,17.4359756097561,2391.5,94.2,12.620282712480918,6.0,7.0,27.0
USC00415954,MINEOLA,32.635,-95.4822,24.742248722316862,11.677606837606838,5995.0,109.2,13.064641884710028,41.0,32.0,6.0
USC00416680,ORANGE 9 N,30.2267,-93.7389,25.778180803571427,14.85287548855388,7600.3,168.1,10.925305315017546,29.0,12.0,2.0
USC00416747,PAINT ROCK,31.5064,-99.9305,27.092665036674816,11.451162790697676,2114.5,76.2,15.641502245977142,15.0,35.0,32.0
USC00417074,PLAINS,33.1869,-102.8281,24.416748768472907,7.963437328954571,1345.7,57.4,16.453311439518338,42.0,44.0,45.0
USC00417624,RIO GRANDE VILLAGE,29.1853,-102.9622,32.9457095709571,12.757590759075908,818.5,52.1,20.188118811881196,1.0,28.0,50.0
USC00417706,ROCKSPRINGS,30.0239,-100.2119,25.82238457042665,14.228404441846871,2084.5,60.5,11.593980128579776,28.0,17.0,35.0
USC00418566,SPUR,33.4792,-100.8761,25.26655719759168,9.41631089217296,2672.5,68.6,15.85024630541872,36.0,43.0,24.0
USC00418942,TEXARKANA,33.4367,-94.0772,24.2755158951478,13.036029001673173,7600.7,192.0,11.239486893474623,43.0,22.0,1.0
USC00419163,TRUSCOTT 3 W,33.7569,-99.8619,25.65027932960894,10.636800894854586,3127.5,72.4,15.013478434754353,33.0,40.0,18.0
USC00419191,TURKEY,34.3961,-100.8967,25.09512862616311,9.5024083196497,2778.6,85.1,15.59272030651341,39.0,42.0,23.0
USW00003032,DRYDEN TERRELL CO AP,30.0481,-102.2128,28.04460067491564,13.402698145025296,1207.3,126.2,14.641902529890343,10.0,20.0,46.0
USW00003047,MONAHANS 6 ENE,31.6219,-102.8072,27.55748765770708,11.795831047723532,1098.7,68.7,15.761656609983548,13.0,31.0,47.0
USW00003969,STEPHENVILLE CLARK FLD,32.2153,-98.1775,25.96904109589041,12.9088122605364,2878.3,91.7,13.060228835354012,26.0,24.0,21.0
USW00012907,LAREDO INTL AP,27.5333,-99.4667,31.065060240963856,18.28952850877193,1859.7,173.2,12.775531732191926,3.0,3.0,39.0
USW00012919,BROWNSVILLE,25.9161,-97.4189,30.089759036144574,19.99326765188834,3925.7,205.5,10.09649138425624,5.0,2.0,14.0
USW00012923,GALVESTON SCHOLES FLD,29.2703,-94.8642,26.418390804597703,20.06579091406677,5489.0,142.2,6.352599890530929,22.0,1.0,8.0
USW00012928,KINGSVILLE NAAS,27.5089,-97.8042,30.61481700118064,17.872963400236127,1948.0,92.2,12.74185360094451,4.0,5.0,37.0
USW00012935,PALACIOS MUNI AP,28.7247,-96.2536,26.9993417443774,17.992425905598243,5419.5,198.6,9.006915838779157,16.0,4.0,9.0
USW00012947,COTULLA LA SALLE CO AP,28.4586,-99.2228,31.20732378854625,17.623335167859107,2366.9,102.9,13.583988620687148,2.0,6.0,28.0
USW00012960,HOUSTON INTERCONTINENTAL AP,29.9844,-95.3608,27.78697318007663,16.62889983579639,6044.1,119.9,11.15807334428024,12.0,8.0,5.0
USW00012962,HONDO MUNI AP,29.36,-99.1742,28.905347298787213,14.74358126721763,2084.1,65.0,14.161766031569584,7.0,14.0,36.0
USW00012979,SAN MARCOS MUNI AP,29.8908,-97.8644,27.98179787828029,14.826696329254728,2354.1,78.5,13.15510154902556,11.0,13.0,29.0
USW00013966,WICHITA FALLS MUNI AP,33.9786,-98.493,25.673782156540774,11.396770662287905,3537.5,84.3,14.277011494252871,31.0,36.0,15.0
USW00023044,EL PASO INTL AP,31.8122,-106.3775,27.341981390257253,12.854874041621027,912.6,49.0,14.487107348636224,14.0,25.0,49.0
USW00023047,AMARILLO,35.2333,-101.7092,23.471811713191023,7.736234263820471,2104.9,66.8,15.735577449370552,46.0,46.0,34.0
USW00053907,ARLINGTON MUNI AP,32.6583,-97.095,26.69121361889072,14.072802197802195,4107.1,128.5,12.61841142108852,21.0,18.0,13.0
USW00053912,CORSICANA CAMPBELL FLD,32.0317,-96.3994,26.30346725371492,14.719944903581268,4279.4,103.6,11.583522350133649,23.0,15.0,12.0
USW00053952,WACO MCGREGOR EXEC AP,31.4847,-97.3164,26.85750834260289,13.848914858096828,3004.5,120.7,13.008593484506068,18.0,19.0,20.0
USW00053965,GRAHAM MUNI AP,33.11,-98.5553,25.579180012812294,11.581626120358514,924.5,81.5,13.997553892453784,34.0,33.0,48.0
USW00053967,GRAYSON CO AP,33.7142,-96.6736,25.002420242024204,12.77285714285714,2218.0,75.7,12.229563099167065,40.0,27.0,31.0
USW00093947,FREDERICKSBURG GILLESPIE CO AP,30.2433,-98.9097,26.197919075144508,12.94450867052023,2405.8,72.9,13.253410404624278,24.0,23.0,26.0
USW00093955,PARIS,33.6333,-95.45,24.1074942791762,11.967048054919909,5127.3,74.2,12.140446224256292,45.0,30.0,11.0
USW00093987,LUFKIN ANGELINA CO AP,31.2358,-94.7547,26.851511819681143,14.544694887300714,6360.6,106.7,12.306816932380428,19.0,16.0,4.0
