station_id,station_name,latitude,longitude,tmax_mean,tmin_mean,temperature_range,prcp_total,tmax_std,tmin_std,prcp_std,tmax_tmin_correlation,cluster
USC00410225,AMISTAD DAM,29.4608,-101.0286,28.66513452914798,15.199159192825112,13.465975336322868,1766.0,8.279929695612209,8.063307722609556,4.68925681018218,0.866337108393742,0
USC00410639,BEEVILLE 5 NE,28.4575,-97.7061,28.414134897360704,15.777751618599178,12.636383278761526,3240.7,7.358675110588899,7.5233049388741415,7.551892277911699,0.844071114534061,0
USW00012919,BROWNSVILLE,25.9161,-97.4189,30.089759036144574,19.99326765188834,10.096491384256236,3925.7,5.795089962022328,6.380381657413588,9.684962669226875,0.8714709518210556,0
USW00012947,COTULLA LA SALLE CO AP,28.4586,-99.2228,31.20732378854625,17.623335167859107,13.583988620687144,2366.9,7.8815316642065865,7.632681390844409,6.4819913575874075,0.8433170876851027,0
USW00003032,DRYDEN TERRELL CO AP,30.0481,-102.2128,28.04460067491564,13.402698145025296,14.641902529890343,1207.3,8.632106026629227,8.373684173748035,5.229703254283371,0.8718200043858196,0
USW00093947,FREDERICKSBURG GILLESPIE CO AP,30.2433,-98.9097,26.197919075144508,12.94450867052023,13.253410404624278,2405.8,8.119304606458858,8.591094991192806,5.856165352815654,0.8311039848524691,0
USW00012962,HONDO MUNI AP,29.36,-99.1742,28.905347298787213,14.74358126721763,14.161766031569583,2084.1,7.819927241928643,8.47248555166919,5.213644072608472,0.8209221320527741,0
USW00012928,KINGSVILLE NAAS,27.5089,-97.8042,30.61481700118064,17.872963400236127,12.741853600944513,1948.0,6.762210329254511,7.6603636036229314,5.830719590462299,0.7787429677604868,0
USW00012907,LAREDO INTL AP,27.5333,-99.4667,31.065060240963856,18.28952850877193,12.775531732191926,1859.7,7.791769835823645,7.20399071135133,6.703134252355651,0.873228674826892,0
USC00415721,MCCOOK,26.565,-98.1236,30.056258322237017,17.4359756097561,12.620282712480918,2391.5,7.263120690612478,6.743102926801473,6.922222543749316,0.8494210471229067,0
USC00417624,RIO GRANDE VILLAGE,29.1853,-102.9622,32.9457095709571,12.757590759075908,20.18811881188119,818.5,8.849196784368795,9.909124235731731,3.1349635966633587,0.837706650644578,0
USC00417706,ROCKSPRINGS,30.0239,-100.2119,25.82238457042665,14.228404441846871,11.593980128579778,2084.5,8.182154046265225,7.567846710060554,5.132313241449319,0.9038406665803266,0
USW00012979,SAN MARCOS MUNI AP,29.8908,-97.8644,27.98179787828029,14.826696329254728,13.155101549025561,2354.1,8.141027436113244,8.296859251699578,5.908639891540318,0.8405440485706052,0
