PC1,PC2,cluster,station_name
2.727410741759484,-0.2607602996867234,1,ABERNATHY
-0.631645485113271,1.6562458534150388,0,AMISTAD DAM
1.2377184160313666,-0.46611199904517653,1,ANSON
-2.082194629263893,1.1676267990251399,0,BEEVILLE 5 NE
3.5990042469317896,-0.6055822398532618,1,BRAVO
-2.1345988385257435,-0.9456092951140352,2,BRENHAM
-1.8077517094668214,-2.430030752398542,2,CARTHAGE
-0.8572732037775164,-0.47108690169033746,2,CENTERVILLE
2.3714436472920126,1.2011115701997535,1,COPE RCH
0.649604743217879,-0.21024184728500617,1,ELDORADO
3.121729062763182,-1.5828520755248854,1,FOLLETT
3.1480990117720906,-0.6615198559841673,1,FRIONA
1.1437688321411073,-0.33657812119185165,1,GAIL
-0.07088992357340221,-0.733764073290763,1,GOLDTHWAITE 1 WSW
3.7045582106661974,-0.851449889539955,1,GRUVER
0.8114680419419225,0.09357010941612703,1,KENT 8SE
-2.6677106959561496,2.03488770388862,0,MCCOOK
-0.6051098580051039,-1.5525827834445225,2,MINEOLA
-3.0476618803602555,-1.8615594175261805,2,ORANGE 9 N
1.2212629948291058,0.9443856405666791,1,PAINT ROCK
2.8658154713032107,0.13476775818714296,1,PLAINS
1.676490559826673,3.8057803611914713,0,RIO GRANDE VILLAGE
-0.7367974019290547,0.12584538894615158,0,ROCKSPRINGS
2.116237402643421,-0.27010490384477276,1,SPUR
-1.478381698651861,-3.2523295806895827,2,TEXARKANA
1.6474185375850634,-0.6437601230749096,1,TRUSCOTT 3 W
2.0395175560976444,-0.6229929585154127,1,TURKEY
0.18934179899081463,1.4341685196090685,0,DRYDEN TERRELL CO AP
1.5741853473977971,1.2566979154404991,1,MONAHANS 6 ENE
0.21764563921831293,-0.10271392823015205,1,STEPHENVILLE CLARK FLD
-2.253922829474812,2.041161987004602,0,LAREDO INTL AP
-4.636343378998551,0.9158468492021894,0,BROWNSVILLE
-4.364326931453182,-2.0334166417941577,2,GALVESTON SCHOLES FLD
-2.576048999860556,3.42511406054981,0,KINGSVILLE NAAS
-3.854551806778992,-1.4715474895185303,2,PALACIOS MUNI AP
-1.9711636090533675,2.380160366360406,0,COTULLA LA SALLE CO AP
-2.82938718385769,-0.9798767404860654,2,HOUSTON INTERCONTINENTAL AP
-0.7391078207836296,2.223846015924142,0,HONDO MUNI AP
-0.8390372482261915,1.4319264883566654,0,SAN MARCOS MUNI AP
1.2105420228655852,-0.8593161542129256,1,WICHITA FALLS MUNI AP
1.1921133726795738,0.9853386058564144,1,EL PASO INTL AP
2.827229284751262,-0.7568428113850212,1,AMARILLO
-0.30224393299128244,-0.526676506975252,2,ARLINGTON MUNI AP
-0.9379281306027248,-1.029090704899998,2,CORSICANA CAMPBELL FLD
-0.08156910320394029,0.06241589735739974,1,WACO MCGREGOR EXEC AP
1.9169800707441949,0.6721581607428421,1,GRAHAM MUNI AP
0.7135107024348032,-0.4249438462750851,1,GRAYSON CO AP
-0.27900695963138455,1.0074213877420177,0,FREDERICKSBURG GILLESPIE CO AP
-0.2158963412502265,-1.8160720645141957,2,PARIS
-1.9225461150948873,-1.2410634329907164,2,LUFKIN ANGELINA CO AP
