tmax_mean,tmin_mean,temperature_range,prcp_total,tmax_std,tmin_std,prcp_std,tmax_tmin_correlation
-1.0037851596401521,-1.4420127255775017,1.1715108416845064,-0.5811149834488477,1.0766983000706816,1.028394630367641,-0.7709131292467586,0.23988044736806488
0.9798181150320088,0.6970413127179257,-0.09753373747233729,-0.7701933833129903,-0.40635182377329887,-0.748049335791615,-0.8791321920875813,-0.3121946974935946
-0.24928628351843757,-0.4983767605781282,0.49741812727087104,-0.037092162861130464,0.9972076981750736,0.9851875472808918,0.3496332543449361,-0.05301923741684089
0.8673163011448837,0.863995333074857,-0.44993179452380816,0.04678263860218949,-1.1404193353785252,-1.376825680064023,0.22364051407388957,-1.0888543295873847
-1.9430733494007046,-2.2941290946703794,1.5357457320587453,-0.8179477286639691,1.1517697945658096,0.7689670145183513,-1.064870703575267,0.37068137576501853
0.10996745584147824,0.7099102251638301,-0.9408578756188681,1.1225295968682072,-0.9139835667118645,-0.7535008397001198,1.1917912078271038,0.13448618514300886
-0.559949779705586,0.16101856021504213,-0.7677180783529229,2.152571990268149,-0.533216502336656,-0.15412206654417843,2.135834230965903,0.22402278712655987
-0.19529790949265627,-0.231549535320113,0.15578116164632894,1.4894403036658093,-0.5088330256740289,0.3800919700294819,1.1307316853072311,-2.0176583044341854
0.1953583660827288,-0.8700819873746976,1.466015791672132,-0.7669248144316587,1.1025250562158118,1.345975016816302,-0.8964519370078808,-1.096774278994674
-0.33362267498400927,-0.36047404645590647,0.21448031740310666,-0.4146949678637662,0.1768620765761542,0.13298482225671165,-0.04152671123022286,0.4817848842558185
-1.561643687683009,-1.6015350444887888,0.8776510394902114,-0.18788952718289909,1.8739448573640092,1.2757189892086152,-0.2777837890824766,1.1914476588621206
-1.3507286360827107,-1.8353405752511283,1.4217316139371299,-0.6785626556905784,1.238332418679049,0.8414542109280887,-0.6834550047577129,0.7799377291031606
-0.4899796980044754,-0.40866701735752714,0.1372429018459204,-0.738726482896104,0.65326664296803,0.34465973493921664,-0.15173538956778862,0.808555329651321
-0.3705375232272524,0.0019338447900298689,-0.354014651230803,0.019581497572803676,0.06386241603192457,-0.0057633062217900466,0.3582625779111814,0.6748633889072686
-1.4100000269550017,-1.9356742671243252,1.5132623847865627,-0.4859386895822798,1.7536005509923513,1.5735855295428631,-0.6874021884724555,0.5577475359288426
-0.5600752729686631,-0.45042027848103267,0.13227758414199925,-0.944147727166904,-0.04983260782453851,-0.4912476386008217,-0.8035592607721036,1.0600512703586114
1.6033407431316864,1.342479235807574,-0.4567710695903913,-0.4236696824192865,-1.2165583271787095,-2.2852887171460607,-0.018927079515303803,-0.9022434510268098
-0.7784783645205557,-0.3191097763920708,-0.2680140684845097,1.57265031145835,-0.255499703221575,0.5537078649871148,1.303001462640408,-0.8537582890262011
-0.3141580092469877,0.5971204460822663,-1.1767716242823991,2.461978044543343,-1.4328213103637049,-0.7340968203931123,2.070733890515586,-0.7235514021146487
0.27501361422172016,-0.38445066634029296,0.826596922938027,-0.5771262214241721,0.651778138843199,0.7021368558604185,-0.42962632593322764,-0.9024927189635426
-0.9243723443916319,-1.390840936590088,1.17144109049358,-1.0030373665034358,0.8610130743078843,0.8167199553252911,-1.3920636584280317,0.6783089040236113
2.8984362948850233,-0.0074782209514987355,2.7579303167177107,-1.295103385865803,0.04724752007335917,1.4012095093021666,-1.4778923739419736,-1.310853051675907
-0.2943452154335261,0.4169280564139167,-0.8927287589357035,-0.5937460631936543,-0.4842607197272978,-1.3249614806606866,-0.7084536180258169,0.9959660739033916
-0.5434754121863449,-0.9716113171820925,0.9152682166151729,-0.2679971645118032,1.1772661821819745,0.9350474710098892,-0.4687711667682782,0.22647894157384382
-0.9876750445447174,0.07286569983270516,-1.0433120801600726,2.4621996424336023,-0.13797997913524715,0.3362572480776046,2.2932166286835103,0.6547855977774534
-0.3714853754951251,-0.6194364464507086,0.55982198356898,-0.015929564341323237,1.3804105345965492,0.8090041508941977,-0.06708749038776267,0.5635541517174937
-0.6203122788401485,-0.9467677295039435,0.8058750988444425,-0.20921832412040123,1.3248995942856812,0.8431379828814854,-0.19151646077360832,0.5579622648227738
0.7016854991297171,0.17866882634541467,0.4019822046948472,-1.0797102365333138,-0.12573319005504185,-0.3866486612522817,-0.6709360754616948,-0.12094592544904229
0.48335411109629894,-0.28499594029043457,0.8776366647438762,-1.1398740637388391,0.5402247112179598,0.5661010838824824,-1.2175777810362807,0.22966576563160523
-0.22861155273620556,0.036157050629293565,-0.2698886645640612,-0.15398504997315526,0.25477716180521626,0.0012930210917447011,-0.3080390200937263,0.24261982093232315
2.0555009511026943,1.5887736595331505,-0.39082365313834894,-0.7182840775196409,-0.7953238835774626,-1.7486334534741992,-0.10332643483388788,-0.07181012340942186
1.6183562674743992,2.0803910518663002,-1.5288391449335137,0.426269025672033,-2.38630410800314,-2.7076394172256166,1.0453629563411375,-0.13312122012663227
-0.027206248117810118,2.1013177865602266,-3.119187167404511,1.2923289802797504,-1.9678992170234288,-1.9880918953841278,1.1342728960493054,2.4703420291461287
1.8536951524035297,1.46857295086084,-0.405129609793238,-0.6693663432447983,-1.6156901507560257,-1.2172353061487897,-0.43940662682359344,-3.3675639510073667
0.23318470958700865,1.5030440995721868,-1.9916742236173857,1.2538263468471167,-1.9296150593097356,-0.8258803042673205,2.3823167020235694,0.19949923948342319
2.1192656149751934,1.3965422170775879,-0.04740349365288227,-0.43729795267026184,-0.7238005033203823,-1.2494683261933284,-0.18851728475561472,-1.1151555231829349
0.5862129772371423,1.109595880974526,-1.077895314524808,1.599851452487736,-1.1151553037173254,-1.0342870492215144,1.2868862592004195,0.409171726251008
1.087485094902987,0.5655833763920516,0.19802754097119912,-0.5939676610839141,-0.7728876999548535,-0.27160486686921675,-0.6771225520263877,-1.8963134679741005
0.6735363401514721,0.5895663964613946,-0.22958818234472303,-0.44438908515857434,-0.5170309320723021,-0.4761031883206275,-0.40938939890428827,-1.2118818382991567
-0.36095105461792326,-0.4001456255365405,0.24698205634224962,0.21120827317493346,1.0243796608788687,0.855464212953026,0.008061244404324243,0.7446796446721448
0.38676095747487355,0.02059306794015564,0.33622757189950153,-1.242972482182194,0.07342653837716047,0.2599478107150635,-1.6325158492732104,1.3539791306986964
-1.347907359050403,-1.4564008427897037,0.8665586349510536,-0.5824445707904063,1.2695669193215056,0.9623551096698424,-0.7919145112346847,0.8021679915512017
0.09507704472688748,0.3720287126572749,-0.45756596564182495,0.5267636689048356,0.14989612454676313,0.7357100886517368,0.4387457679668158,-0.08406453877019715
-0.078716713852755,0.5587630556275175,-0.8971710637672164,0.622216960134228,-0.114032370298491,-0.10211440580081978,0.5371535894483721,0.8710144638561891
0.1696128435416559,0.30742556576882046,-0.2918225743069738,-0.08407091559620024,0.17496305404919885,0.18736952016330408,-0.08418529396247977,0.10004218496729933
-0.40335315971776026,-0.346805207420072,0.12827272805895554,-1.236379944946966,0.7852570905018105,1.1427838102358798,-1.3438878435493558,0.023478575763377224
-0.6618655723804776,-0.0030730748848551287,-0.6227428039250381,-0.5197877673194585,0.3855823255533138,0.4605646129722154,-0.6176882822560268,0.7951610401741414
-0.12602499656656052,0.04645732227757274,-0.18782807942645263,-0.41574755784249984,-0.5343399623541066,-0.13349667182628075,-0.4296041589484199,-1.5411604889838546
-1.0629848624693554,-0.2355909248917727,-0.6605982935995314,1.0919490880123601,0.16612242202005958,0.1158540911603011,0.627913604622077,0.5158806326502364
0.16692511168759427,0.5081943072611478,-0.5899265534847971,1.7751907831557734,-0.6773115824316813,-0.3466244346153695,1.4077211204081164,-0.1547999341297306
