station_id,station_name,valid_observations,tmax_tmin_correlation
USC00410012,ABERNATHY,1827,0.8821645072665699
USC00410225,AMISTAD DAM,1784,0.866337108393742
USC00410268,ANSON,1750,0.8737673892583359
USC00410639,BEEVILLE 5 NE,1699,0.844071114534061
USC00411033,BRAVO,1811,0.885914428787115
USC00411048,BRENHAM,1682,0.8791429674586849
USC00411500,CARTHAGE,1765,0.8817098852533022
USC00411596,CENTERVILLE,1784,0.8174433064876545
USC00411974,COPE RCH,1745,0.8438440581279024
USC00412809,ELDORADO,1807,0.8890996465268036
USC00413225,FOLLETT,1822,0.9094449127526655
USC00413368,FRIONA,1827,0.8976473669673783
USC00413411,GAIL,1509,0.8984678027049309
USC00413614,GOLDTHWAITE 1 WSW,1817,0.8946349989789656
USC00413787,GRUVER,1824,0.8912774138084079
USC00414770,KENT 8SE,1819,0.9056779200331957
USC00415721,MCCOOK,1472,0.8494210471229067
USC00415954,MINEOLA,1754,0.8508110644159141
USC00416680,ORANGE 9 N,1791,0.8545439554078728
USC00416747,PAINT ROCK,1634,0.849413900880049
USC00417074,PLAINS,1827,0.8947337781806309
USC00417624,RIO GRANDE VILLAGE,1818,0.837706650644578
USC00417706,ROCKSPRINGS,1711,0.9038406665803266
USC00418566,SPUR,1827,0.8817803005518213
USC00418942,TEXARKANA,1793,0.8940593903654379
USC00419163,TRUSCOTT 3 W,1787,0.8914438832193995
USC00419191,TURKEY,1827,0.8912835698541661
USW00003032,DRYDEN TERRELL CO AP,1778,0.8718200043858196
USW00003047,MONAHANS 6 ENE,1823,0.8818716633598904
USW00003969,STEPHENVILLE CLARK FLD,1825,0.8822430421516607
USW00012907,LAREDO INTL AP,1824,0.873228674826892
USW00012919,BROWNSVILLE,1826,0.8714709518210556
USW00012923,GALVESTON SCHOLES FLD,1827,0.9461094347893735
USW00012928,KINGSVILLE NAAS,1694,0.7787429677604868
USW00012935,PALACIOS MUNI AP,1822,0.8810068215962307
USW00012947,COTULLA LA SALLE CO AP,1816,0.8433170876851027
USW00012960,HOUSTON INTERCONTINENTAL AP,1827,0.8870179056155264
USW00012962,HONDO MUNI AP,1813,0.8209221320527741
USW00012979,SAN MARCOS MUNI AP,1790,0.8405440485706052
USW00013966,WICHITA FALLS MUNI AP,1827,0.8966365557200773
USW00023044,EL PASO INTL AP,1826,0.9141045147254909
USW00023047,AMARILLO,1827,0.8982846846117019
USW00053907,ARLINGTON MUNI AP,1820,0.8728773539574896
USW00053912,CORSICANA CAMPBELL FLD,1815,0.9002584387071361
USW00053952,WACO MCGREGOR EXEC AP,1795,0.8781554951288206
USW00053965,GRAHAM MUNI AP,1561,0.8759604990430659
USW00053967,GRAYSON CO AP,1818,0.8980838028742075
USW00093947,FREDERICKSBURG GILLESPIE CO AP,1729,0.8311039848524691
USW00093955,PARIS,1747,0.8900771348537618
USW00093987,LUFKIN ANGELINA CO AP,1819,0.8708494464756864
